Match,Provider,Bet,Team,Timestamp
2340382,betway,1.5,HAVU,fecha
2340382,ggbet,1.53,HAVU,fecha
2340382,ggbetru-hidden,1.53,HAVU,fecha
2340382,thunderpick,1.5,HAVU,fecha
2340382,lootbet,1.5,HAVU,fecha
2340382,bet365,1.5,HAVU,fecha
2340382,1xbet,1.55,HAVU,fecha
2340382,1xstavka-hidden,1.55,HAVU,fecha
2340382,pinnacle,1.63,HAVU,fecha
2340382,buff88,1.51,HAVU,fecha
2340382,unibet,1.5,HAVU,fecha
2340382,thunderfire-hidden,1.56,HAVU,fecha
2340382,parimatch,1.5,HAVU,fecha
2340382,skrilla-hidden,1.52,HAVU,fecha
2340382,unikrn,1.5,HAVU,fecha
2340382,vulkan,1.53,HAVU,fecha
2340382,vulkanru-hidden,1.53,HAVU,fecha
2340382,raybet-hidden,1.53,HAVU,fecha
2340382,dongying-hidden,1.56,HAVU,fecha
2340382,betwinner,1.55,HAVU,fecha
2340382,yabo-hidden,1.53,HAVU,fecha
2340382,shark-hidden,,HAVU,fecha
2340382,rb88-hidden,1.55,HAVU,fecha
2340382,bobbet-hidden,1.53,HAVU,fecha
2340382,luckbox,1.51,HAVU,fecha
2340382,betway,2.4,Cloud9,fecha
2340382,ggbet,2.43,Cloud9,fecha
2340382,ggbetru-hidden,2.43,Cloud9,fecha
2340382,thunderpick,2.44,Cloud9,fecha
2340382,lootbet,2.48,Cloud9,fecha
2340382,bet365,2.5,Cloud9,fecha
2340382,1xbet,2.46,Cloud9,fecha
2340382,1xstavka-hidden,2.46,Cloud9,fecha
2340382,pinnacle,2.3,Cloud9,fecha
2340382,buff88,2.61,Cloud9,fecha
2340382,unibet,2.45,Cloud9,fecha
2340382,thunderfire-hidden,2.29,Cloud9,fecha
2340382,parimatch,2.48,Cloud9,fecha
2340382,skrilla-hidden,2.49,Cloud9,fecha
2340382,unikrn,2.5,Cloud9,fecha
2340382,vulkan,2.43,Cloud9,fecha
2340382,vulkanru-hidden,2.43,Cloud9,fecha
2340382,raybet-hidden,2.44,Cloud9,fecha
2340382,dongying-hidden,2.29,Cloud9,fecha
2340382,betwinner,2.46,Cloud9,fecha
2340382,yabo-hidden,2.43,Cloud9,fecha
2340382,shark-hidden,,Cloud9,fecha
2340382,rb88-hidden,2.46,Cloud9,fecha
2340382,bobbet-hidden,2.43,Cloud9,fecha
2340382,luckbox,2.5,Cloud9,fecha
2340381,betway,1.5,MAD Lions,fecha
2340381,ggbet,1.62,MAD Lions,fecha
2340381,ggbetru-hidden,1.62,MAD Lions,fecha
2340381,thunderpick,1.53,MAD Lions,fecha
2340381,lootbet,1.55,MAD Lions,fecha
2340381,bet365,1.53,MAD Lions,fecha
2340381,1xbet,1.64,MAD Lions,fecha
2340381,1xstavka-hidden,1.64,MAD Lions,fecha
2340381,pinnacle,1.68,MAD Lions,fecha
2340381,buff88,1.53,MAD Lions,fecha
2340381,unibet,1.56,MAD Lions,fecha
2340381,thunderfire-hidden,1.54,MAD Lions,fecha
2340381,parimatch,1.55,MAD Lions,fecha
2340381,skrilla-hidden,1.57,MAD Lions,fecha
2340381,unikrn,1.53,MAD Lions,fecha
2340381,vulkan,1.62,MAD Lions,fecha
2340381,vulkanru-hidden,1.62,MAD Lions,fecha
2340381,raybet-hidden,1.55,MAD Lions,fecha
2340381,dongying-hidden,1.54,MAD Lions,fecha
2340381,betwinner,1.64,MAD Lions,fecha
2340381,yabo-hidden,1.62,MAD Lions,fecha
2340381,shark-hidden,,MAD Lions,fecha
2340381,rb88-hidden,1.64,MAD Lions,fecha
2340381,bobbet-hidden,1.62,MAD Lions,fecha
2340381,luckbox,1.58,MAD Lions,fecha
2340381,betway,2.4,MIBR,fecha
2340381,ggbet,2.23,MIBR,fecha
2340381,ggbetru-hidden,2.23,MIBR,fecha
2340381,thunderpick,2.38,MIBR,fecha
2340381,lootbet,2.35,MIBR,fecha
2340381,bet365,2.37,MIBR,fecha
2340381,1xbet,2.25,MIBR,fecha
2340381,1xstavka-hidden,2.25,MIBR,fecha
2340381,pinnacle,2.2,MIBR,fecha
2340381,buff88,2.56,MIBR,fecha
2340381,unibet,2.25,MIBR,fecha
2340381,thunderfire-hidden,2.35,MIBR,fecha
2340381,parimatch,2.35,MIBR,fecha
2340381,skrilla-hidden,2.37,MIBR,fecha
2340381,unikrn,2.37,MIBR,fecha
2340381,vulkan,2.23,MIBR,fecha
2340381,vulkanru-hidden,2.23,MIBR,fecha
2340381,raybet-hidden,2.39,MIBR,fecha
2340381,dongying-hidden,2.35,MIBR,fecha
2340381,betwinner,2.25,MIBR,fecha
2340381,yabo-hidden,2.23,MIBR,fecha
2340381,shark-hidden,,MIBR,fecha
2340381,rb88-hidden,2.25,MIBR,fecha
2340381,bobbet-hidden,2.23,MIBR,fecha
2340381,luckbox,2.36,MIBR,fecha
2340673,betway,1.85,Nemiga,fecha
2340673,ggbet,1.8,Nemiga,fecha
2340673,ggbetru-hidden,1.8,Nemiga,fecha
2340673,thunderpick,1.83,Nemiga,fecha
2340673,lootbet,1.9,Nemiga,fecha
2340673,bet365,2.0,Nemiga,fecha
2340673,1xbet,1.82,Nemiga,fecha
2340673,1xstavka-hidden,1.82,Nemiga,fecha
2340673,pinnacle,2.01,Nemiga,fecha
2340673,buff88,1.85,Nemiga,fecha
2340673,unibet,1.89,Nemiga,fecha
2340673,thunderfire-hidden,1.81,Nemiga,fecha
2340673,parimatch,1.9,Nemiga,fecha
2340673,skrilla-hidden,1.91,Nemiga,fecha
2340673,unikrn,1.83,Nemiga,fecha
2340673,vulkan,1.77,Nemiga,fecha
2340673,vulkanru-hidden,1.77,Nemiga,fecha
2340673,raybet-hidden,2.05,Nemiga,fecha
2340673,dongying-hidden,1.81,Nemiga,fecha
2340673,betwinner,1.82,Nemiga,fecha
2340673,yabo-hidden,1.8,Nemiga,fecha
2340673,shark-hidden,,Nemiga,fecha
2340673,rb88-hidden,1.82,Nemiga,fecha
2340673,bobbet-hidden,1.8,Nemiga,fecha
2340673,luckbox,1.87,Nemiga,fecha
2340673,betway,1.85,Hard Legion,fecha
2340673,ggbet,1.96,Hard Legion,fecha
2340673,ggbetru-hidden,1.96,Hard Legion,fecha
2340673,thunderpick,1.83,Hard Legion,fecha
2340673,lootbet,1.85,Hard Legion,fecha
2340673,bet365,1.72,Hard Legion,fecha
2340673,1xbet,1.95,Hard Legion,fecha
2340673,1xstavka-hidden,1.95,Hard Legion,fecha
2340673,pinnacle,1.81,Hard Legion,fecha
2340673,buff88,1.89,Hard Legion,fecha
2340673,unibet,1.8,Hard Legion,fecha
2340673,thunderfire-hidden,1.95,Hard Legion,fecha
2340673,parimatch,1.85,Hard Legion,fecha
2340673,skrilla-hidden,1.8,Hard Legion,fecha
2340673,unikrn,1.83,Hard Legion,fecha
2340673,vulkan,2.0,Hard Legion,fecha
2340673,vulkanru-hidden,2.0,Hard Legion,fecha
2340673,raybet-hidden,1.74,Hard Legion,fecha
2340673,dongying-hidden,1.95,Hard Legion,fecha
2340673,betwinner,1.95,Hard Legion,fecha
2340673,yabo-hidden,1.96,Hard Legion,fecha
2340673,shark-hidden,,Hard Legion,fecha
2340673,rb88-hidden,1.95,Hard Legion,fecha
2340673,bobbet-hidden,1.96,Hard Legion,fecha
2340673,luckbox,1.84,Hard Legion,fecha
2340674,betway,1.85,Nordavind,fecha
2340674,ggbet,1.94,Nordavind,fecha
2340674,ggbetru-hidden,1.94,Nordavind,fecha
2340674,thunderpick,2.2,Nordavind,fecha
2340674,lootbet,1.92,Nordavind,fecha
2340674,bet365,2.0,Nordavind,fecha
2340674,1xbet,,Nordavind,fecha
2340674,1xstavka-hidden,,Nordavind,fecha
2340674,pinnacle,2.15,Nordavind,fecha
2340674,buff88,1.94,Nordavind,fecha
2340674,unibet,2.0,Nordavind,fecha
2340674,thunderfire-hidden,2.01,Nordavind,fecha
2340674,parimatch,2.01,Nordavind,fecha
2340674,skrilla-hidden,1.94,Nordavind,fecha
2340674,unikrn,1.83,Nordavind,fecha
2340674,vulkan,2.13,Nordavind,fecha
2340674,vulkanru-hidden,2.13,Nordavind,fecha
2340674,raybet-hidden,1.92,Nordavind,fecha
2340674,dongying-hidden,2.01,Nordavind,fecha
2340674,betwinner,2.12,Nordavind,fecha
2340674,yabo-hidden,1.94,Nordavind,fecha
2340674,shark-hidden,,Nordavind,fecha
2340674,rb88-hidden,,Nordavind,fecha
2340674,bobbet-hidden,1.94,Nordavind,fecha
2340674,luckbox,1.93,Nordavind,fecha
2340674,betway,1.85,Japaleno,fecha
2340674,ggbet,1.8,Japaleno,fecha
2340674,ggbetru-hidden,1.8,Japaleno,fecha
2340674,thunderpick,1.62,Japaleno,fecha
2340674,lootbet,1.82,Japaleno,fecha
2340674,bet365,1.72,Japaleno,fecha
2340674,1xbet,,Japaleno,fecha
2340674,1xstavka-hidden,,Japaleno,fecha
2340674,pinnacle,1.71,Japaleno,fecha
2340674,buff88,1.81,Japaleno,fecha
2340674,unibet,1.74,Japaleno,fecha
2340674,thunderfire-hidden,1.75,Japaleno,fecha
2340674,parimatch,1.75,Japaleno,fecha
2340674,skrilla-hidden,1.77,Japaleno,fecha
2340674,unikrn,1.83,Japaleno,fecha
2340674,vulkan,1.68,Japaleno,fecha
2340674,vulkanru-hidden,1.68,Japaleno,fecha
2340674,raybet-hidden,1.82,Japaleno,fecha
2340674,dongying-hidden,1.75,Japaleno,fecha
2340674,betwinner,1.64,Japaleno,fecha
2340674,yabo-hidden,1.8,Japaleno,fecha
2340674,shark-hidden,,Japaleno,fecha
2340674,rb88-hidden,,Japaleno,fecha
2340674,bobbet-hidden,1.8,Japaleno,fecha
2340674,luckbox,1.8,Japaleno,fecha
2340675,betway,1.6,Gambit Youngsters,fecha
2340675,ggbet,1.7,Gambit Youngsters,fecha
2340675,ggbetru-hidden,1.7,Gambit Youngsters,fecha
2340675,thunderpick,,Gambit Youngsters,fecha
2340675,lootbet,1.67,Gambit Youngsters,fecha
2340675,bet365,1.57,Gambit Youngsters,fecha
2340675,1xbet,1.7,Gambit Youngsters,fecha
2340675,1xstavka-hidden,1.7,Gambit Youngsters,fecha
2340675,pinnacle,1.74,Gambit Youngsters,fecha
2340675,buff88,1.64,Gambit Youngsters,fecha
2340675,unibet,1.64,Gambit Youngsters,fecha
2340675,thunderfire-hidden,1.7,Gambit Youngsters,fecha
2340675,parimatch,1.67,Gambit Youngsters,fecha
2340675,skrilla-hidden,1.63,Gambit Youngsters,fecha
2340675,unikrn,1.66,Gambit Youngsters,fecha
2340675,vulkan,1.7,Gambit Youngsters,fecha
2340675,vulkanru-hidden,1.7,Gambit Youngsters,fecha
2340675,raybet-hidden,1.72,Gambit Youngsters,fecha
2340675,dongying-hidden,1.7,Gambit Youngsters,fecha
2340675,betwinner,1.7,Gambit Youngsters,fecha
2340675,yabo-hidden,1.7,Gambit Youngsters,fecha
2340675,shark-hidden,,Gambit Youngsters,fecha
2340675,rb88-hidden,1.7,Gambit Youngsters,fecha
2340675,bobbet-hidden,1.7,Gambit Youngsters,fecha
2340675,luckbox,1.64,Gambit Youngsters,fecha
2340675,betway,2.2,Endpoint,fecha
2340675,ggbet,2.1,Endpoint,fecha
2340675,ggbetru-hidden,2.1,Endpoint,fecha
2340675,thunderpick,,Endpoint,fecha
2340675,lootbet,2.12,Endpoint,fecha
2340675,bet365,2.25,Endpoint,fecha
2340675,1xbet,2.1,Endpoint,fecha
2340675,1xstavka-hidden,2.1,Endpoint,fecha
2340675,pinnacle,2.1,Endpoint,fecha
2340675,buff88,2.14,Endpoint,fecha
2340675,unibet,2.15,Endpoint,fecha
2340675,thunderfire-hidden,2.06,Endpoint,fecha
2340675,parimatch,2.12,Endpoint,fecha
2340675,skrilla-hidden,2.06,Endpoint,fecha
2340675,unikrn,2.1,Endpoint,fecha
2340675,vulkan,2.1,Endpoint,fecha
2340675,vulkanru-hidden,2.1,Endpoint,fecha
2340675,raybet-hidden,2.08,Endpoint,fecha
2340675,dongying-hidden,2.06,Endpoint,fecha
2340675,betwinner,2.1,Endpoint,fecha
2340675,yabo-hidden,2.1,Endpoint,fecha
2340675,shark-hidden,,Endpoint,fecha
2340675,rb88-hidden,2.1,Endpoint,fecha
2340675,bobbet-hidden,2.1,Endpoint,fecha
2340675,luckbox,2.12,Endpoint,fecha
2340676,betway,1.75,Secret,fecha
2340676,ggbet,1.83,Secret,fecha
2340676,ggbetru-hidden,1.83,Secret,fecha
2340676,thunderpick,,Secret,fecha
2340676,lootbet,1.85,Secret,fecha
2340676,bet365,1.72,Secret,fecha
2340676,1xbet,,Secret,fecha
2340676,1xstavka-hidden,,Secret,fecha
2340676,pinnacle,1.85,Secret,fecha
2340676,buff88,1.75,Secret,fecha
2340676,unibet,1.74,Secret,fecha
2340676,thunderfire-hidden,1.88,Secret,fecha
2340676,parimatch,1.85,Secret,fecha
2340676,skrilla-hidden,1.72,Secret,fecha
2340676,unikrn,1.72,Secret,fecha
2340676,vulkan,1.83,Secret,fecha
2340676,vulkanru-hidden,1.83,Secret,fecha
2340676,raybet-hidden,1.85,Secret,fecha
2340676,dongying-hidden,1.88,Secret,fecha
2340676,betwinner,1.83,Secret,fecha
2340676,yabo-hidden,1.83,Secret,fecha
2340676,shark-hidden,,Secret,fecha
2340676,rb88-hidden,,Secret,fecha
2340676,bobbet-hidden,1.83,Secret,fecha
2340676,luckbox,1.75,Secret,fecha
2340676,betway,1.95,Illuminar,fecha
2340676,ggbet,1.93,Illuminar,fecha
2340676,ggbetru-hidden,1.93,Illuminar,fecha
2340676,thunderpick,,Illuminar,fecha
2340676,lootbet,1.9,Illuminar,fecha
2340676,bet365,2.0,Illuminar,fecha
2340676,1xbet,,Illuminar,fecha
2340676,1xstavka-hidden,,Illuminar,fecha
2340676,pinnacle,1.97,Illuminar,fecha
2340676,buff88,1.98,Illuminar,fecha
2340676,unibet,2.0,Illuminar,fecha
2340676,thunderfire-hidden,1.88,Illuminar,fecha
2340676,parimatch,1.9,Illuminar,fecha
2340676,skrilla-hidden,1.93,Illuminar,fecha
2340676,unikrn,2.0,Illuminar,fecha
2340676,vulkan,1.93,Illuminar,fecha
2340676,vulkanru-hidden,1.93,Illuminar,fecha
2340676,raybet-hidden,1.91,Illuminar,fecha
2340676,dongying-hidden,1.88,Illuminar,fecha
2340676,betwinner,1.93,Illuminar,fecha
2340676,yabo-hidden,1.93,Illuminar,fecha
2340676,shark-hidden,,Illuminar,fecha
2340676,rb88-hidden,,Illuminar,fecha
2340676,bobbet-hidden,1.93,Illuminar,fecha
2340676,luckbox,1.99,Illuminar,fecha
2340765,betway,1.4,Endpoint,fecha
2340765,ggbet,1.4,Endpoint,fecha
2340765,ggbetru-hidden,1.4,Endpoint,fecha
2340765,thunderpick,1.4,Endpoint,fecha
2340765,lootbet,1.4,Endpoint,fecha
2340765,bet365,1.4,Endpoint,fecha
2340765,1xbet,1.39,Endpoint,fecha
2340765,1xstavka-hidden,1.39,Endpoint,fecha
2340765,pinnacle,1.54,Endpoint,fecha
2340765,buff88,,Endpoint,fecha
2340765,unibet,,Endpoint,fecha
2340765,thunderfire-hidden,1.45,Endpoint,fecha
2340765,parimatch,1.4,Endpoint,fecha
2340765,skrilla-hidden,,Endpoint,fecha
2340765,unikrn,1.4,Endpoint,fecha
2340765,vulkan,1.4,Endpoint,fecha
2340765,vulkanru-hidden,1.4,Endpoint,fecha
2340765,raybet-hidden,,Endpoint,fecha
2340765,dongying-hidden,1.45,Endpoint,fecha
2340765,betwinner,1.39,Endpoint,fecha
2340765,yabo-hidden,1.4,Endpoint,fecha
2340765,shark-hidden,,Endpoint,fecha
2340765,rb88-hidden,1.39,Endpoint,fecha
2340765,bobbet-hidden,1.4,Endpoint,fecha
2340765,luckbox,1.4,Endpoint,fecha
2340765,betway,2.75,Wisla Krakow,fecha
2340765,ggbet,2.85,Wisla Krakow,fecha
2340765,ggbetru-hidden,2.85,Wisla Krakow,fecha
2340765,thunderpick,2.68,Wisla Krakow,fecha
2340765,lootbet,2.81,Wisla Krakow,fecha
2340765,bet365,2.75,Wisla Krakow,fecha
2340765,1xbet,2.91,Wisla Krakow,fecha
2340765,1xstavka-hidden,2.91,Wisla Krakow,fecha
2340765,pinnacle,2.5,Wisla Krakow,fecha
2340765,buff88,,Wisla Krakow,fecha
2340765,unibet,,Wisla Krakow,fecha
2340765,thunderfire-hidden,2.63,Wisla Krakow,fecha
2340765,parimatch,2.8,Wisla Krakow,fecha
2340765,skrilla-hidden,,Wisla Krakow,fecha
2340765,unikrn,2.75,Wisla Krakow,fecha
2340765,vulkan,2.85,Wisla Krakow,fecha
2340765,vulkanru-hidden,2.85,Wisla Krakow,fecha
2340765,raybet-hidden,,Wisla Krakow,fecha
2340765,dongying-hidden,2.63,Wisla Krakow,fecha
2340765,betwinner,2.9,Wisla Krakow,fecha
2340765,yabo-hidden,2.85,Wisla Krakow,fecha
2340765,shark-hidden,,Wisla Krakow,fecha
2340765,rb88-hidden,2.91,Wisla Krakow,fecha
2340765,bobbet-hidden,2.85,Wisla Krakow,fecha
2340765,luckbox,2.73,Wisla Krakow,fecha
2340766,betway,1.6,Prima,fecha
2340766,ggbet,1.68,Prima,fecha
2340766,ggbetru-hidden,1.68,Prima,fecha
2340766,thunderpick,1.57,Prima,fecha
2340766,lootbet,,Prima,fecha
2340766,bet365,1.57,Prima,fecha
2340766,1xbet,1.66,Prima,fecha
2340766,1xstavka-hidden,1.66,Prima,fecha
2340766,pinnacle,1.69,Prima,fecha
2340766,buff88,1.67,Prima,fecha
2340766,unibet,1.64,Prima,fecha
2340766,thunderfire-hidden,,Prima,fecha
2340766,parimatch,1.6,Prima,fecha
2340766,skrilla-hidden,,Prima,fecha
2340766,unikrn,,Prima,fecha
2340766,vulkan,1.68,Prima,fecha
2340766,vulkanru-hidden,1.68,Prima,fecha
2340766,raybet-hidden,,Prima,fecha
2340766,dongying-hidden,,Prima,fecha
2340766,betwinner,1.67,Prima,fecha
2340766,yabo-hidden,1.68,Prima,fecha
2340766,shark-hidden,,Prima,fecha
2340766,rb88-hidden,1.66,Prima,fecha
2340766,bobbet-hidden,1.68,Prima,fecha
2340766,luckbox,1.6,Prima,fecha
2340766,betway,2.2,Turkey5,fecha
2340766,ggbet,2.13,Turkey5,fecha
2340766,ggbetru-hidden,2.13,Turkey5,fecha
2340766,thunderpick,2.22,Turkey5,fecha
2340766,lootbet,,Turkey5,fecha
2340766,bet365,2.25,Turkey5,fecha
2340766,1xbet,2.16,Turkey5,fecha
2340766,1xstavka-hidden,2.16,Turkey5,fecha
2340766,pinnacle,2.18,Turkey5,fecha
2340766,buff88,2.12,Turkey5,fecha
2340766,unibet,2.15,Turkey5,fecha
2340766,thunderfire-hidden,,Turkey5,fecha
2340766,parimatch,2.25,Turkey5,fecha
2340766,skrilla-hidden,,Turkey5,fecha
2340766,unikrn,,Turkey5,fecha
2340766,vulkan,2.13,Turkey5,fecha
2340766,vulkanru-hidden,2.13,Turkey5,fecha
2340766,raybet-hidden,,Turkey5,fecha
2340766,dongying-hidden,,Turkey5,fecha
2340766,betwinner,2.14,Turkey5,fecha
2340766,yabo-hidden,2.13,Turkey5,fecha
2340766,shark-hidden,,Turkey5,fecha
2340766,rb88-hidden,2.16,Turkey5,fecha
2340766,bobbet-hidden,2.13,Turkey5,fecha
2340766,luckbox,2.18,Turkey5,fecha
2340767,betway,1.95,Vexed,fecha
2340767,ggbet,1.94,Vexed,fecha
2340767,ggbetru-hidden,1.94,Vexed,fecha
2340767,thunderpick,1.83,Vexed,fecha
2340767,lootbet,1.87,Vexed,fecha
2340767,bet365,2.0,Vexed,fecha
2340767,1xbet,1.86,Vexed,fecha
2340767,1xstavka-hidden,1.86,Vexed,fecha
2340767,pinnacle,1.86,Vexed,fecha
2340767,buff88,2.02,Vexed,fecha
2340767,unibet,2.0,Vexed,fecha
2340767,thunderfire-hidden,1.94,Vexed,fecha
2340767,parimatch,1.87,Vexed,fecha
2340767,skrilla-hidden,,Vexed,fecha
2340767,unikrn,1.83,Vexed,fecha
2340767,vulkan,1.94,Vexed,fecha
2340767,vulkanru-hidden,1.94,Vexed,fecha
2340767,raybet-hidden,,Vexed,fecha
2340767,dongying-hidden,1.94,Vexed,fecha
2340767,betwinner,1.86,Vexed,fecha
2340767,yabo-hidden,1.94,Vexed,fecha
2340767,shark-hidden,,Vexed,fecha
2340767,rb88-hidden,1.86,Vexed,fecha
2340767,bobbet-hidden,1.94,Vexed,fecha
2340767,luckbox,1.87,Vexed,fecha
2340767,betway,1.75,FATE,fecha
2340767,ggbet,1.82,FATE,fecha
2340767,ggbetru-hidden,1.82,FATE,fecha
2340767,thunderpick,1.83,FATE,fecha
2340767,lootbet,1.87,FATE,fecha
2340767,bet365,1.72,FATE,fecha
2340767,1xbet,1.91,FATE,fecha
2340767,1xstavka-hidden,1.91,FATE,fecha
2340767,pinnacle,1.95,FATE,fecha
2340767,buff88,1.74,FATE,fecha
2340767,unibet,1.74,FATE,fecha
2340767,thunderfire-hidden,1.81,FATE,fecha
2340767,parimatch,1.87,FATE,fecha
2340767,skrilla-hidden,,FATE,fecha
2340767,unikrn,1.83,FATE,fecha
2340767,vulkan,1.82,FATE,fecha
2340767,vulkanru-hidden,1.82,FATE,fecha
2340767,raybet-hidden,,FATE,fecha
2340767,dongying-hidden,1.81,FATE,fecha
2340767,betwinner,1.91,FATE,fecha
2340767,yabo-hidden,1.82,FATE,fecha
2340767,shark-hidden,,FATE,fecha
2340767,rb88-hidden,1.91,FATE,fecha
2340767,bobbet-hidden,1.82,FATE,fecha
2340767,luckbox,1.85,FATE,fecha
2340768,betway,2.95,Ambush,fecha
2340768,ggbet,2.94,Ambush,fecha
2340768,ggbetru-hidden,2.94,Ambush,fecha
2340768,thunderpick,2.62,Ambush,fecha
2340768,lootbet,2.81,Ambush,fecha
2340768,bet365,3.0,Ambush,fecha
2340768,1xbet,3.07,Ambush,fecha
2340768,1xstavka-hidden,3.07,Ambush,fecha
2340768,pinnacle,2.62,Ambush,fecha
2340768,buff88,2.98,Ambush,fecha
2340768,unibet,3.0,Ambush,fecha
2340768,thunderfire-hidden,2.63,Ambush,fecha
2340768,parimatch,2.8,Ambush,fecha
2340768,skrilla-hidden,,Ambush,fecha
2340768,unikrn,2.75,Ambush,fecha
2340768,vulkan,2.94,Ambush,fecha
2340768,vulkanru-hidden,2.94,Ambush,fecha
2340768,raybet-hidden,,Ambush,fecha
2340768,dongying-hidden,2.63,Ambush,fecha
2340768,betwinner,3.05,Ambush,fecha
2340768,yabo-hidden,2.94,Ambush,fecha
2340768,shark-hidden,,Ambush,fecha
2340768,rb88-hidden,3.07,Ambush,fecha
2340768,bobbet-hidden,2.94,Ambush,fecha
2340768,luckbox,2.9,Ambush,fecha
2340768,betway,1.35,SKADE,fecha
2340768,ggbet,1.38,SKADE,fecha
2340768,ggbetru-hidden,1.38,SKADE,fecha
2340768,thunderpick,1.33,SKADE,fecha
2340768,lootbet,1.4,SKADE,fecha
2340768,bet365,1.36,SKADE,fecha
2340768,1xbet,1.35,SKADE,fecha
2340768,1xstavka-hidden,1.35,SKADE,fecha
2340768,pinnacle,1.5,SKADE,fecha
2340768,buff88,1.36,SKADE,fecha
2340768,unibet,1.34,SKADE,fecha
2340768,thunderfire-hidden,1.45,SKADE,fecha
2340768,parimatch,1.4,SKADE,fecha
2340768,skrilla-hidden,,SKADE,fecha
2340768,unikrn,1.4,SKADE,fecha
2340768,vulkan,1.38,SKADE,fecha
2340768,vulkanru-hidden,1.38,SKADE,fecha
2340768,raybet-hidden,,SKADE,fecha
2340768,dongying-hidden,1.45,SKADE,fecha
2340768,betwinner,1.36,SKADE,fecha
2340768,yabo-hidden,1.38,SKADE,fecha
2340768,shark-hidden,,SKADE,fecha
2340768,rb88-hidden,1.35,SKADE,fecha
2340768,bobbet-hidden,1.38,SKADE,fecha
2340768,luckbox,1.35,SKADE,fecha
2340769,betway,2.55,Reason,fecha
2340769,ggbet,2.43,Reason,fecha
2340769,ggbetru-hidden,2.43,Reason,fecha
2340769,thunderpick,2.6,Reason,fecha
2340769,lootbet,2.63,Reason,fecha
2340769,bet365,2.75,Reason,fecha
2340769,1xbet,2.58,Reason,fecha
2340769,1xstavka-hidden,2.58,Reason,fecha
2340769,pinnacle,2.25,Reason,fecha
2340769,buff88,2.56,Reason,fecha
2340769,unibet,2.7,Reason,fecha
2340769,thunderfire-hidden,2.42,Reason,fecha
2340769,parimatch,2.5,Reason,fecha
2340769,skrilla-hidden,2.49,Reason,fecha
2340769,unikrn,2.62,Reason,fecha
2340769,vulkan,2.43,Reason,fecha
2340769,vulkanru-hidden,2.43,Reason,fecha
2340769,raybet-hidden,,Reason,fecha
2340769,dongying-hidden,2.42,Reason,fecha
2340769,betwinner,2.54,Reason,fecha
2340769,yabo-hidden,2.43,Reason,fecha
2340769,shark-hidden,,Reason,fecha
2340769,rb88-hidden,2.58,Reason,fecha
2340769,bobbet-hidden,2.43,Reason,fecha
2340769,luckbox,2.5,Reason,fecha
2340769,betway,1.45,Apeks,fecha
2340769,ggbet,1.53,Apeks,fecha
2340769,ggbetru-hidden,1.53,Apeks,fecha
2340769,thunderpick,1.44,Apeks,fecha
2340769,lootbet,1.45,Apeks,fecha
2340769,bet365,1.4,Apeks,fecha
2340769,1xbet,1.48,Apeks,fecha
2340769,1xstavka-hidden,1.48,Apeks,fecha
2340769,pinnacle,1.65,Apeks,fecha
2340769,buff88,1.47,Apeks,fecha
2340769,unibet,1.42,Apeks,fecha
2340769,thunderfire-hidden,1.5,Apeks,fecha
2340769,parimatch,1.5,Apeks,fecha
2340769,skrilla-hidden,1.47,Apeks,fecha
2340769,unikrn,1.44,Apeks,fecha
2340769,vulkan,1.53,Apeks,fecha
2340769,vulkanru-hidden,1.53,Apeks,fecha
2340769,raybet-hidden,,Apeks,fecha
2340769,dongying-hidden,1.5,Apeks,fecha
2340769,betwinner,1.49,Apeks,fecha
2340769,yabo-hidden,1.53,Apeks,fecha
2340769,shark-hidden,,Apeks,fecha
2340769,rb88-hidden,1.48,Apeks,fecha
2340769,bobbet-hidden,1.53,Apeks,fecha
2340769,luckbox,1.47,Apeks,fecha
2340770,betway,2.55,Unique,fecha
2340770,ggbet,2.6,Unique,fecha
2340770,ggbetru-hidden,2.6,Unique,fecha
2340770,thunderpick,2.18,Unique,fecha
2340770,lootbet,,Unique,fecha
2340770,bet365,2.75,Unique,fecha
2340770,1xbet,2.59,Unique,fecha
2340770,1xstavka-hidden,2.59,Unique,fecha
2340770,pinnacle,2.35,Unique,fecha
2340770,buff88,2.54,Unique,fecha
2340770,unibet,2.7,Unique,fecha
2340770,thunderfire-hidden,2.42,Unique,fecha
2340770,parimatch,2.65,Unique,fecha
2340770,skrilla-hidden,,Unique,fecha
2340770,unikrn,,Unique,fecha
2340770,vulkan,2.6,Unique,fecha
2340770,vulkanru-hidden,2.6,Unique,fecha
2340770,raybet-hidden,,Unique,fecha
2340770,dongying-hidden,2.42,Unique,fecha
2340770,betwinner,2.59,Unique,fecha
2340770,yabo-hidden,2.6,Unique,fecha
2340770,shark-hidden,,Unique,fecha
2340770,rb88-hidden,2.59,Unique,fecha
2340770,bobbet-hidden,2.6,Unique,fecha
2340770,luckbox,2.59,Unique,fecha
2340770,betway,1.45,Salamander,fecha
2340770,ggbet,1.47,Salamander,fecha
2340770,ggbetru-hidden,1.47,Salamander,fecha
2340770,thunderpick,1.48,Salamander,fecha
2340770,lootbet,,Salamander,fecha
2340770,bet365,1.4,Salamander,fecha
2340770,1xbet,1.48,Salamander,fecha
2340770,1xstavka-hidden,1.48,Salamander,fecha
2340770,pinnacle,1.6,Salamander,fecha
2340770,buff88,1.48,Salamander,fecha
2340770,unibet,1.42,Salamander,fecha
2340770,thunderfire-hidden,1.5,Salamander,fecha
2340770,parimatch,1.45,Salamander,fecha
2340770,skrilla-hidden,,Salamander,fecha
2340770,unikrn,,Salamander,fecha
2340770,vulkan,1.47,Salamander,fecha
2340770,vulkanru-hidden,1.47,Salamander,fecha
2340770,raybet-hidden,,Salamander,fecha
2340770,dongying-hidden,1.5,Salamander,fecha
2340770,betwinner,1.48,Salamander,fecha
2340770,yabo-hidden,1.47,Salamander,fecha
2340770,shark-hidden,,Salamander,fecha
2340770,rb88-hidden,1.48,Salamander,fecha
2340770,bobbet-hidden,1.47,Salamander,fecha
2340770,luckbox,1.45,Salamander,fecha
2340747,betway,1.65,Movistar Riders,fecha
2340747,ggbet,1.6,Movistar Riders,fecha
2340747,ggbetru-hidden,1.6,Movistar Riders,fecha
2340747,thunderpick,1.62,Movistar Riders,fecha
2340747,lootbet,1.64,Movistar Riders,fecha
2340747,bet365,1.61,Movistar Riders,fecha
2340747,1xbet,,Movistar Riders,fecha
2340747,1xstavka-hidden,,Movistar Riders,fecha
2340747,pinnacle,,Movistar Riders,fecha
2340747,buff88,1.58,Movistar Riders,fecha
2340747,unibet,,Movistar Riders,fecha
2340747,thunderfire-hidden,1.6,Movistar Riders,fecha
2340747,parimatch,1.55,Movistar Riders,fecha
2340747,skrilla-hidden,1.63,Movistar Riders,fecha
2340747,unikrn,1.61,Movistar Riders,fecha
2340747,vulkan,,Movistar Riders,fecha
2340747,vulkanru-hidden,,Movistar Riders,fecha
2340747,raybet-hidden,1.66,Movistar Riders,fecha
2340747,dongying-hidden,1.6,Movistar Riders,fecha
2340747,betwinner,,Movistar Riders,fecha
2340747,yabo-hidden,1.6,Movistar Riders,fecha
2340747,shark-hidden,,Movistar Riders,fecha
2340747,rb88-hidden,,Movistar Riders,fecha
2340747,bobbet-hidden,1.6,Movistar Riders,fecha
2340747,luckbox,1.62,Movistar Riders,fecha
2340747,betway,2.1,Syman,fecha
2340747,ggbet,2.25,Syman,fecha
2340747,ggbetru-hidden,2.25,Syman,fecha
2340747,thunderpick,2.2,Syman,fecha
2340747,lootbet,2.17,Syman,fecha
2340747,bet365,2.2,Syman,fecha
2340747,1xbet,,Syman,fecha
2340747,1xstavka-hidden,,Syman,fecha
2340747,pinnacle,,Syman,fecha
2340747,buff88,2.28,Syman,fecha
2340747,unibet,,Syman,fecha
2340747,thunderfire-hidden,2.25,Syman,fecha
2340747,parimatch,2.35,Syman,fecha
2340747,skrilla-hidden,2.19,Syman,fecha
2340747,unikrn,2.2,Syman,fecha
2340747,vulkan,,Syman,fecha
2340747,vulkanru-hidden,,Syman,fecha
2340747,raybet-hidden,2.14,Syman,fecha
2340747,dongying-hidden,2.25,Syman,fecha
2340747,betwinner,,Syman,fecha
2340747,yabo-hidden,2.25,Syman,fecha
2340747,shark-hidden,,Syman,fecha
2340747,rb88-hidden,,Syman,fecha
2340747,bobbet-hidden,2.25,Syman,fecha
2340747,luckbox,2.16,Syman,fecha
2340748,betway,2.05,Virtus.pro,fecha
2340748,ggbet,2.03,Virtus.pro,fecha
2340748,ggbetru-hidden,2.03,Virtus.pro,fecha
2340748,thunderpick,2.0,Virtus.pro,fecha
2340748,lootbet,2.01,Virtus.pro,fecha
2340748,bet365,2.0,Virtus.pro,fecha
2340748,1xbet,,Virtus.pro,fecha
2340748,1xstavka-hidden,,Virtus.pro,fecha
2340748,pinnacle,2.02,Virtus.pro,fecha
2340748,buff88,2.17,Virtus.pro,fecha
2340748,unibet,1.8,Virtus.pro,fecha
2340748,thunderfire-hidden,2.0,Virtus.pro,fecha
2340748,parimatch,2.08,Virtus.pro,fecha
2340748,skrilla-hidden,2.05,Virtus.pro,fecha
2340748,unikrn,2.0,Virtus.pro,fecha
2340748,vulkan,,Virtus.pro,fecha
2340748,vulkanru-hidden,,Virtus.pro,fecha
2340748,raybet-hidden,1.99,Virtus.pro,fecha
2340748,dongying-hidden,2.0,Virtus.pro,fecha
2340748,betwinner,,Virtus.pro,fecha
2340748,yabo-hidden,2.03,Virtus.pro,fecha
2340748,shark-hidden,,Virtus.pro,fecha
2340748,rb88-hidden,,Virtus.pro,fecha
2340748,bobbet-hidden,2.03,Virtus.pro,fecha
2340748,luckbox,2.02,Virtus.pro,fecha
2340748,betway,1.7,Spirit,fecha
2340748,ggbet,1.73,Spirit,fecha
2340748,ggbetru-hidden,1.73,Spirit,fecha
2340748,thunderpick,1.73,Spirit,fecha
2340748,lootbet,1.75,Spirit,fecha
2340748,bet365,1.72,Spirit,fecha
2340748,1xbet,,Spirit,fecha
2340748,1xstavka-hidden,,Spirit,fecha
2340748,pinnacle,1.81,Spirit,fecha
2340748,buff88,1.67,Spirit,fecha
2340748,unibet,1.89,Spirit,fecha
2340748,thunderfire-hidden,1.76,Spirit,fecha
2340748,parimatch,1.7,Spirit,fecha
2340748,skrilla-hidden,1.72,Spirit,fecha
2340748,unikrn,1.72,Spirit,fecha
2340748,vulkan,,Spirit,fecha
2340748,vulkanru-hidden,,Spirit,fecha
2340748,raybet-hidden,1.76,Spirit,fecha
2340748,dongying-hidden,1.76,Spirit,fecha
2340748,betwinner,,Spirit,fecha
2340748,yabo-hidden,1.73,Spirit,fecha
2340748,shark-hidden,,Spirit,fecha
2340748,rb88-hidden,,Spirit,fecha
2340748,bobbet-hidden,1.73,Spirit,fecha
2340748,luckbox,1.72,Spirit,fecha
2340749,betway,2.3,Sprout,fecha
2340749,ggbet,2.14,Sprout,fecha
2340749,ggbetru-hidden,2.14,Sprout,fecha
2340749,thunderpick,,Sprout,fecha
2340749,lootbet,2.27,Sprout,fecha
2340749,bet365,2.25,Sprout,fecha
2340749,1xbet,,Sprout,fecha
2340749,1xstavka-hidden,,Sprout,fecha
2340749,pinnacle,2.23,Sprout,fecha
2340749,buff88,2.31,Sprout,fecha
2340749,unibet,2.2,Sprout,fecha
2340749,thunderfire-hidden,2.26,Sprout,fecha
2340749,parimatch,2.35,Sprout,fecha
2340749,skrilla-hidden,2.28,Sprout,fecha
2340749,unikrn,2.25,Sprout,fecha
2340749,vulkan,,Sprout,fecha
2340749,vulkanru-hidden,,Sprout,fecha
2340749,raybet-hidden,2.25,Sprout,fecha
2340749,dongying-hidden,2.26,Sprout,fecha
2340749,betwinner,,Sprout,fecha
2340749,yabo-hidden,2.14,Sprout,fecha
2340749,shark-hidden,,Sprout,fecha
2340749,rb88-hidden,,Sprout,fecha
2340749,bobbet-hidden,2.14,Sprout,fecha
2340749,luckbox,2.23,Sprout,fecha
2340749,betway,1.55,forZe,fecha
2340749,ggbet,1.66,forZe,fecha
2340749,ggbetru-hidden,1.66,forZe,fecha
2340749,thunderpick,,forZe,fecha
2340749,lootbet,1.59,forZe,fecha
2340749,bet365,1.57,forZe,fecha
2340749,1xbet,,forZe,fecha
2340749,1xstavka-hidden,,forZe,fecha
2340749,pinnacle,1.67,forZe,fecha
2340749,buff88,1.57,forZe,fecha
2340749,unibet,1.61,forZe,fecha
2340749,thunderfire-hidden,1.55,forZe,fecha
2340749,parimatch,1.55,forZe,fecha
2340749,skrilla-hidden,1.56,forZe,fecha
2340749,unikrn,1.57,forZe,fecha
2340749,vulkan,,forZe,fecha
2340749,vulkanru-hidden,,forZe,fecha
2340749,raybet-hidden,1.6,forZe,fecha
2340749,dongying-hidden,1.55,forZe,fecha
2340749,betwinner,,forZe,fecha
2340749,yabo-hidden,1.66,forZe,fecha
2340749,shark-hidden,,forZe,fecha
2340749,rb88-hidden,,forZe,fecha
2340749,bobbet-hidden,1.66,forZe,fecha
2340749,luckbox,1.58,forZe,fecha
2340750,betway,1.85,Japaleno,fecha
2340750,ggbet,1.8,Japaleno,fecha
2340750,ggbetru-hidden,1.8,Japaleno,fecha
2340750,thunderpick,,Japaleno,fecha
2340750,lootbet,1.82,Japaleno,fecha
2340750,bet365,1.72,Japaleno,fecha
2340750,1xbet,,Japaleno,fecha
2340750,1xstavka-hidden,,Japaleno,fecha
2340750,pinnacle,1.71,Japaleno,fecha
2340750,buff88,1.81,Japaleno,fecha
2340750,unibet,1.74,Japaleno,fecha
2340750,thunderfire-hidden,1.75,Japaleno,fecha
2340750,parimatch,1.75,Japaleno,fecha
2340750,skrilla-hidden,1.77,Japaleno,fecha
2340750,unikrn,1.83,Japaleno,fecha
2340750,vulkan,1.68,Japaleno,fecha
2340750,vulkanru-hidden,1.68,Japaleno,fecha
2340750,raybet-hidden,1.82,Japaleno,fecha
2340750,dongying-hidden,1.75,Japaleno,fecha
2340750,betwinner,1.64,Japaleno,fecha
2340750,yabo-hidden,1.8,Japaleno,fecha
2340750,shark-hidden,,Japaleno,fecha
2340750,rb88-hidden,,Japaleno,fecha
2340750,bobbet-hidden,1.8,Japaleno,fecha
2340750,luckbox,1.8,Japaleno,fecha
2340750,betway,1.85,Nordavind,fecha
2340750,ggbet,1.94,Nordavind,fecha
2340750,ggbetru-hidden,1.94,Nordavind,fecha
2340750,thunderpick,,Nordavind,fecha
2340750,lootbet,1.92,Nordavind,fecha
2340750,bet365,2.0,Nordavind,fecha
2340750,1xbet,,Nordavind,fecha
2340750,1xstavka-hidden,,Nordavind,fecha
2340750,pinnacle,2.15,Nordavind,fecha
2340750,buff88,1.94,Nordavind,fecha
2340750,unibet,2.0,Nordavind,fecha
2340750,thunderfire-hidden,2.01,Nordavind,fecha
2340750,parimatch,2.01,Nordavind,fecha
2340750,skrilla-hidden,1.94,Nordavind,fecha
2340750,unikrn,1.83,Nordavind,fecha
2340750,vulkan,2.13,Nordavind,fecha
2340750,vulkanru-hidden,2.13,Nordavind,fecha
2340750,raybet-hidden,1.92,Nordavind,fecha
2340750,dongying-hidden,2.01,Nordavind,fecha
2340750,betwinner,2.12,Nordavind,fecha
2340750,yabo-hidden,1.94,Nordavind,fecha
2340750,shark-hidden,,Nordavind,fecha
2340750,rb88-hidden,,Nordavind,fecha
2340750,bobbet-hidden,1.94,Nordavind,fecha
2340750,luckbox,1.93,Nordavind,fecha
2339242,betway,2.25,RED Canids,fecha
2339242,ggbet,1.41,RED Canids,fecha
2339242,ggbetru-hidden,1.41,RED Canids,fecha
2339242,thunderpick,,RED Canids,fecha
2339242,lootbet,2.3,RED Canids,fecha
2339242,bet365,1.22,RED Canids,fecha
2339242,1xbet,2.09,RED Canids,fecha
2339242,1xstavka-hidden,2.09,RED Canids,fecha
2339242,pinnacle,1.54,RED Canids,fecha
2339242,buff88,1.0,RED Canids,fecha
2339242,unibet,1.94,RED Canids,fecha
2339242,thunderfire-hidden,2.01,RED Canids,fecha
2339242,parimatch,2.25,RED Canids,fecha
2339242,skrilla-hidden,2.1,RED Canids,fecha
2339242,unikrn,2.37,RED Canids,fecha
2339242,vulkan,,RED Canids,fecha
2339242,vulkanru-hidden,,RED Canids,fecha
2339242,raybet-hidden,2.02,RED Canids,fecha
2339242,dongying-hidden,2.01,RED Canids,fecha
2339242,betwinner,2.09,RED Canids,fecha
2339242,yabo-hidden,1.41,RED Canids,fecha
2339242,shark-hidden,,RED Canids,fecha
2339242,rb88-hidden,2.09,RED Canids,fecha
2339242,bobbet-hidden,1.41,RED Canids,fecha
2339242,luckbox,1.28,RED Canids,fecha
2339242,betway,5.4,W7M,fecha
2339242,ggbet,2.77,W7M,fecha
2339242,ggbetru-hidden,2.77,W7M,fecha
2339242,thunderpick,,W7M,fecha
2339242,lootbet,5.5,W7M,fecha
2339242,bet365,4.0,W7M,fecha
2339242,1xbet,5.95,W7M,fecha
2339242,1xstavka-hidden,5.95,W7M,fecha
2339242,pinnacle,2.36,W7M,fecha
2339242,buff88,13.56,W7M,fecha
2339242,unibet,1.8,W7M,fecha
2339242,thunderfire-hidden,1.75,W7M,fecha
2339242,parimatch,5.0,W7M,fecha
2339242,skrilla-hidden,1.72,W7M,fecha
2339242,unikrn,5.5,W7M,fecha
2339242,vulkan,,W7M,fecha
2339242,vulkanru-hidden,,W7M,fecha
2339242,raybet-hidden,1.76,W7M,fecha
2339242,dongying-hidden,1.75,W7M,fecha
2339242,betwinner,5.95,W7M,fecha
2339242,yabo-hidden,2.77,W7M,fecha
2339242,shark-hidden,,W7M,fecha
2339242,rb88-hidden,5.95,W7M,fecha
2339242,bobbet-hidden,2.77,W7M,fecha
2339242,luckbox,3.3,W7M,fecha
2339243,betway,6.0,Soberano,fecha
2339243,ggbet,2.57,Soberano,fecha
2339243,ggbetru-hidden,2.57,Soberano,fecha
2339243,thunderpick,,Soberano,fecha
2339243,lootbet,,Soberano,fecha
2339243,bet365,3.4,Soberano,fecha
2339243,1xbet,,Soberano,fecha
2339243,1xstavka-hidden,,Soberano,fecha
2339243,pinnacle,2.65,Soberano,fecha
2339243,buff88,,Soberano,fecha
2339243,unibet,,Soberano,fecha
2339243,thunderfire-hidden,,Soberano,fecha
2339243,parimatch,5.8,Soberano,fecha
2339243,skrilla-hidden,,Soberano,fecha
2339243,unikrn,,Soberano,fecha
2339243,vulkan,,Soberano,fecha
2339243,vulkanru-hidden,,Soberano,fecha
2339243,raybet-hidden,,Soberano,fecha
2339243,dongying-hidden,,Soberano,fecha
2339243,betwinner,,Soberano,fecha
2339243,yabo-hidden,2.57,Soberano,fecha
2339243,shark-hidden,,Soberano,fecha
2339243,rb88-hidden,,Soberano,fecha
2339243,bobbet-hidden,2.57,Soberano,fecha
2339243,luckbox,,Soberano,fecha
2339243,betway,2.1,Keyd,fecha
2339243,ggbet,1.47,Keyd,fecha
2339243,ggbetru-hidden,1.47,Keyd,fecha
2339243,thunderpick,,Keyd,fecha
2339243,lootbet,,Keyd,fecha
2339243,bet365,1.3,Keyd,fecha
2339243,1xbet,,Keyd,fecha
2339243,1xstavka-hidden,,Keyd,fecha
2339243,pinnacle,1.44,Keyd,fecha
2339243,buff88,,Keyd,fecha
2339243,unibet,,Keyd,fecha
2339243,thunderfire-hidden,,Keyd,fecha
2339243,parimatch,2.08,Keyd,fecha
2339243,skrilla-hidden,,Keyd,fecha
2339243,unikrn,,Keyd,fecha
2339243,vulkan,,Keyd,fecha
2339243,vulkanru-hidden,,Keyd,fecha
2339243,raybet-hidden,,Keyd,fecha
2339243,dongying-hidden,,Keyd,fecha
2339243,betwinner,,Keyd,fecha
2339243,yabo-hidden,1.47,Keyd,fecha
2339243,shark-hidden,,Keyd,fecha
2339243,rb88-hidden,,Keyd,fecha
2339243,bobbet-hidden,1.47,Keyd,fecha
2339243,luckbox,,Keyd,fecha
