Match,Provider,Bet,Team,Timestamp,Living
2340381,betway,1.36,MAD Lions,14-04-2020 21:43:19,NoLiving
2340381,ggbet,1.57,MAD Lions,14-04-2020 21:43:19,NoLiving
2340381,ggbetru-hidden,1.57,MAD Lions,14-04-2020 21:43:19,NoLiving
2340381,thunderpick,1.4,MAD Lions,14-04-2020 21:43:19,NoLiving
2340381,lootbet,1.5,MAD Lions,14-04-2020 21:43:19,NoLiving
2340381,bet365,1.53,MAD Lions,14-04-2020 21:43:19,NoLiving
2340381,1xbet,1.52,MAD Lions,14-04-2020 21:43:19,NoLiving
2340381,1xstavka-hidden,1.52,MAD Lions,14-04-2020 21:43:19,NoLiving
2340381,pinnacle,1.68,MAD Lions,14-04-2020 21:43:19,NoLiving
2340381,buff88,1.46,MAD Lions,14-04-2020 21:43:19,NoLiving
2340381,unibet,1.52,MAD Lions,14-04-2020 21:43:19,NoLiving
2340381,thunderfire-hidden,1.5,MAD Lions,14-04-2020 21:43:19,NoLiving
2340381,parimatch,1.5,MAD Lions,14-04-2020 21:43:19,NoLiving
2340381,skrilla-hidden,1.58,MAD Lions,14-04-2020 21:43:19,NoLiving
2340381,unikrn,1.5,MAD Lions,14-04-2020 21:43:19,NoLiving
2340381,vulkan,1.53,MAD Lions,14-04-2020 21:43:19,NoLiving
2340381,vulkanru-hidden,1.53,MAD Lions,14-04-2020 21:43:19,NoLiving
2340381,raybet-hidden,1.57,MAD Lions,14-04-2020 21:43:19,NoLiving
2340381,dongying-hidden,1.5,MAD Lions,14-04-2020 21:43:19,NoLiving
2340381,betwinner,1.53,MAD Lions,14-04-2020 21:43:19,NoLiving
2340381,yabo-hidden,1.57,MAD Lions,14-04-2020 21:43:19,NoLiving
2340381,shark-hidden,,MAD Lions,14-04-2020 21:43:19,NoLiving
2340381,rb88-hidden,1.52,MAD Lions,14-04-2020 21:43:19,NoLiving
2340381,bobbet-hidden,1.57,MAD Lions,14-04-2020 21:43:19,NoLiving
2340381,luckbox,1.58,MAD Lions,14-04-2020 21:43:19,NoLiving
2340381,betway,2.7,MIBR,14-04-2020 21:43:19,NoLiving
2340381,ggbet,2.34,MIBR,14-04-2020 21:43:19,NoLiving
2340381,ggbetru-hidden,2.34,MIBR,14-04-2020 21:43:19,NoLiving
2340381,thunderpick,2.68,MIBR,14-04-2020 21:43:19,NoLiving
2340381,lootbet,2.48,MIBR,14-04-2020 21:43:19,NoLiving
2340381,bet365,2.37,MIBR,14-04-2020 21:43:19,NoLiving
2340381,1xbet,2.52,MIBR,14-04-2020 21:43:19,NoLiving
2340381,1xstavka-hidden,2.52,MIBR,14-04-2020 21:43:19,NoLiving
2340381,pinnacle,2.2,MIBR,14-04-2020 21:43:19,NoLiving
2340381,buff88,2.69,MIBR,14-04-2020 21:43:19,NoLiving
2340381,unibet,2.37,MIBR,14-04-2020 21:43:19,NoLiving
2340381,thunderfire-hidden,2.35,MIBR,14-04-2020 21:43:19,NoLiving
2340381,parimatch,2.48,MIBR,14-04-2020 21:43:19,NoLiving
2340381,skrilla-hidden,2.34,MIBR,14-04-2020 21:43:19,NoLiving
2340381,unikrn,2.5,MIBR,14-04-2020 21:43:19,NoLiving
2340381,vulkan,2.43,MIBR,14-04-2020 21:43:19,NoLiving
2340381,vulkanru-hidden,2.43,MIBR,14-04-2020 21:43:19,NoLiving
2340381,raybet-hidden,2.31,MIBR,14-04-2020 21:43:19,NoLiving
2340381,dongying-hidden,2.35,MIBR,14-04-2020 21:43:19,NoLiving
2340381,betwinner,2.51,MIBR,14-04-2020 21:43:19,NoLiving
2340381,yabo-hidden,2.34,MIBR,14-04-2020 21:43:19,NoLiving
2340381,shark-hidden,,MIBR,14-04-2020 21:43:19,NoLiving
2340381,rb88-hidden,2.52,MIBR,14-04-2020 21:43:19,NoLiving
2340381,bobbet-hidden,2.34,MIBR,14-04-2020 21:43:19,NoLiving
2340381,luckbox,2.39,MIBR,14-04-2020 21:43:19,NoLiving
2340675,betway,1.65,Gambit Youngsters,14-04-2020 21:43:19,NoLiving
2340675,ggbet,1.7,Gambit Youngsters,14-04-2020 21:43:19,NoLiving
2340675,ggbetru-hidden,1.7,Gambit Youngsters,14-04-2020 21:43:19,NoLiving
2340675,thunderpick,1.67,Gambit Youngsters,14-04-2020 21:43:19,NoLiving
2340675,lootbet,1.67,Gambit Youngsters,14-04-2020 21:43:19,NoLiving
2340675,bet365,1.66,Gambit Youngsters,14-04-2020 21:43:19,NoLiving
2340675,1xbet,1.69,Gambit Youngsters,14-04-2020 21:43:19,NoLiving
2340675,1xstavka-hidden,1.69,Gambit Youngsters,14-04-2020 21:43:19,NoLiving
2340675,pinnacle,1.77,Gambit Youngsters,14-04-2020 21:43:19,NoLiving
2340675,buff88,1.65,Gambit Youngsters,14-04-2020 21:43:19,NoLiving
2340675,unibet,1.65,Gambit Youngsters,14-04-2020 21:43:19,NoLiving
2340675,thunderfire-hidden,1.7,Gambit Youngsters,14-04-2020 21:43:19,NoLiving
2340675,parimatch,1.67,Gambit Youngsters,14-04-2020 21:43:19,NoLiving
2340675,skrilla-hidden,1.67,Gambit Youngsters,14-04-2020 21:43:19,NoLiving
2340675,unikrn,1.66,Gambit Youngsters,14-04-2020 21:43:19,NoLiving
2340675,vulkan,1.7,Gambit Youngsters,14-04-2020 21:43:19,NoLiving
2340675,vulkanru-hidden,1.7,Gambit Youngsters,14-04-2020 21:43:19,NoLiving
2340675,raybet-hidden,1.72,Gambit Youngsters,14-04-2020 21:43:19,NoLiving
2340675,dongying-hidden,1.7,Gambit Youngsters,14-04-2020 21:43:19,NoLiving
2340675,betwinner,1.7,Gambit Youngsters,14-04-2020 21:43:19,NoLiving
2340675,yabo-hidden,1.7,Gambit Youngsters,14-04-2020 21:43:19,NoLiving
2340675,shark-hidden,,Gambit Youngsters,14-04-2020 21:43:19,NoLiving
2340675,rb88-hidden,1.69,Gambit Youngsters,14-04-2020 21:43:19,NoLiving
2340675,bobbet-hidden,1.7,Gambit Youngsters,14-04-2020 21:43:19,NoLiving
2340675,luckbox,1.66,Gambit Youngsters,14-04-2020 21:43:19,NoLiving
2340675,betway,2.1,Endpoint,14-04-2020 21:43:19,NoLiving
2340675,ggbet,2.1,Endpoint,14-04-2020 21:43:19,NoLiving
2340675,ggbetru-hidden,2.1,Endpoint,14-04-2020 21:43:19,NoLiving
2340675,thunderpick,2.1,Endpoint,14-04-2020 21:43:19,NoLiving
2340675,lootbet,2.12,Endpoint,14-04-2020 21:43:19,NoLiving
2340675,bet365,2.1,Endpoint,14-04-2020 21:43:19,NoLiving
2340675,1xbet,2.11,Endpoint,14-04-2020 21:43:19,NoLiving
2340675,1xstavka-hidden,2.11,Endpoint,14-04-2020 21:43:19,NoLiving
2340675,pinnacle,2.06,Endpoint,14-04-2020 21:43:19,NoLiving
2340675,buff88,2.15,Endpoint,14-04-2020 21:43:19,NoLiving
2340675,unibet,2.1,Endpoint,14-04-2020 21:43:19,NoLiving
2340675,thunderfire-hidden,2.06,Endpoint,14-04-2020 21:43:19,NoLiving
2340675,parimatch,2.12,Endpoint,14-04-2020 21:43:19,NoLiving
2340675,skrilla-hidden,2.07,Endpoint,14-04-2020 21:43:19,NoLiving
2340675,unikrn,2.1,Endpoint,14-04-2020 21:43:19,NoLiving
2340675,vulkan,2.1,Endpoint,14-04-2020 21:43:19,NoLiving
2340675,vulkanru-hidden,2.1,Endpoint,14-04-2020 21:43:19,NoLiving
2340675,raybet-hidden,2.08,Endpoint,14-04-2020 21:43:19,NoLiving
2340675,dongying-hidden,2.06,Endpoint,14-04-2020 21:43:19,NoLiving
2340675,betwinner,2.11,Endpoint,14-04-2020 21:43:19,NoLiving
2340675,yabo-hidden,2.1,Endpoint,14-04-2020 21:43:19,NoLiving
2340675,shark-hidden,,Endpoint,14-04-2020 21:43:19,NoLiving
2340675,rb88-hidden,2.11,Endpoint,14-04-2020 21:43:19,NoLiving
2340675,bobbet-hidden,2.1,Endpoint,14-04-2020 21:43:19,NoLiving
2340675,luckbox,2.1,Endpoint,14-04-2020 21:43:19,NoLiving
2340676,betway,1.75,Secret,14-04-2020 21:43:19,NoLiving
2340676,ggbet,1.83,Secret,14-04-2020 21:43:19,NoLiving
2340676,ggbetru-hidden,1.83,Secret,14-04-2020 21:43:19,NoLiving
2340676,thunderpick,1.83,Secret,14-04-2020 21:43:19,NoLiving
2340676,lootbet,1.85,Secret,14-04-2020 21:43:19,NoLiving
2340676,bet365,1.83,Secret,14-04-2020 21:43:19,NoLiving
2340676,1xbet,1.83,Secret,14-04-2020 21:43:19,NoLiving
2340676,1xstavka-hidden,1.83,Secret,14-04-2020 21:43:19,NoLiving
2340676,pinnacle,1.89,Secret,14-04-2020 21:43:19,NoLiving
2340676,buff88,1.76,Secret,14-04-2020 21:43:19,NoLiving
2340676,unibet,1.8,Secret,14-04-2020 21:43:19,NoLiving
2340676,thunderfire-hidden,1.86,Secret,14-04-2020 21:43:19,NoLiving
2340676,parimatch,1.85,Secret,14-04-2020 21:43:19,NoLiving
2340676,skrilla-hidden,1.84,Secret,14-04-2020 21:43:19,NoLiving
2340676,unikrn,1.83,Secret,14-04-2020 21:43:19,NoLiving
2340676,vulkan,1.83,Secret,14-04-2020 21:43:19,NoLiving
2340676,vulkanru-hidden,1.83,Secret,14-04-2020 21:43:19,NoLiving
2340676,raybet-hidden,1.85,Secret,14-04-2020 21:43:19,NoLiving
2340676,dongying-hidden,1.86,Secret,14-04-2020 21:43:19,NoLiving
2340676,betwinner,1.83,Secret,14-04-2020 21:43:19,NoLiving
2340676,yabo-hidden,1.83,Secret,14-04-2020 21:43:19,NoLiving
2340676,shark-hidden,,Secret,14-04-2020 21:43:19,NoLiving
2340676,rb88-hidden,1.83,Secret,14-04-2020 21:43:19,NoLiving
2340676,bobbet-hidden,1.83,Secret,14-04-2020 21:43:19,NoLiving
2340676,luckbox,1.81,Secret,14-04-2020 21:43:19,NoLiving
2340676,betway,1.95,Illuminar,14-04-2020 21:43:19,NoLiving
2340676,ggbet,1.93,Illuminar,14-04-2020 21:43:19,NoLiving
2340676,ggbetru-hidden,1.93,Illuminar,14-04-2020 21:43:19,NoLiving
2340676,thunderpick,1.83,Illuminar,14-04-2020 21:43:19,NoLiving
2340676,lootbet,1.9,Illuminar,14-04-2020 21:43:19,NoLiving
2340676,bet365,1.83,Illuminar,14-04-2020 21:43:19,NoLiving
2340676,1xbet,1.93,Illuminar,14-04-2020 21:43:19,NoLiving
2340676,1xstavka-hidden,1.93,Illuminar,14-04-2020 21:43:19,NoLiving
2340676,pinnacle,1.92,Illuminar,14-04-2020 21:43:19,NoLiving
2340676,buff88,1.99,Illuminar,14-04-2020 21:43:19,NoLiving
2340676,unibet,1.89,Illuminar,14-04-2020 21:43:19,NoLiving
2340676,thunderfire-hidden,1.9,Illuminar,14-04-2020 21:43:19,NoLiving
2340676,parimatch,1.9,Illuminar,14-04-2020 21:43:19,NoLiving
2340676,skrilla-hidden,1.87,Illuminar,14-04-2020 21:43:19,NoLiving
2340676,unikrn,1.83,Illuminar,14-04-2020 21:43:19,NoLiving
2340676,vulkan,1.93,Illuminar,14-04-2020 21:43:19,NoLiving
2340676,vulkanru-hidden,1.93,Illuminar,14-04-2020 21:43:19,NoLiving
2340676,raybet-hidden,1.91,Illuminar,14-04-2020 21:43:19,NoLiving
2340676,dongying-hidden,1.9,Illuminar,14-04-2020 21:43:19,NoLiving
2340676,betwinner,1.93,Illuminar,14-04-2020 21:43:19,NoLiving
2340676,yabo-hidden,1.93,Illuminar,14-04-2020 21:43:19,NoLiving
2340676,shark-hidden,,Illuminar,14-04-2020 21:43:19,NoLiving
2340676,rb88-hidden,1.93,Illuminar,14-04-2020 21:43:19,NoLiving
2340676,bobbet-hidden,1.93,Illuminar,14-04-2020 21:43:19,NoLiving
2340676,luckbox,1.9,Illuminar,14-04-2020 21:43:19,NoLiving
2340671,betway,1.7,Winstrike,14-04-2020 21:43:19,NoLiving
2340671,ggbet,1.71,Winstrike,14-04-2020 21:43:19,NoLiving
2340671,ggbetru-hidden,1.71,Winstrike,14-04-2020 21:43:19,NoLiving
2340671,thunderpick,,Winstrike,14-04-2020 21:43:19,NoLiving
2340671,lootbet,1.7,Winstrike,14-04-2020 21:43:19,NoLiving
2340671,bet365,1.66,Winstrike,14-04-2020 21:43:19,NoLiving
2340671,1xbet,1.72,Winstrike,14-04-2020 21:43:19,NoLiving
2340671,1xstavka-hidden,1.72,Winstrike,14-04-2020 21:43:19,NoLiving
2340671,pinnacle,1.76,Winstrike,14-04-2020 21:43:19,NoLiving
2340671,buff88,1.81,Winstrike,14-04-2020 21:43:19,NoLiving
2340671,unibet,1.64,Winstrike,14-04-2020 21:43:19,NoLiving
2340671,thunderfire-hidden,1.73,Winstrike,14-04-2020 21:43:19,NoLiving
2340671,parimatch,1.7,Winstrike,14-04-2020 21:43:19,NoLiving
2340671,skrilla-hidden,1.64,Winstrike,14-04-2020 21:43:19,NoLiving
2340671,unikrn,1.66,Winstrike,14-04-2020 21:43:19,NoLiving
2340671,vulkan,1.71,Winstrike,14-04-2020 21:43:19,NoLiving
2340671,vulkanru-hidden,1.71,Winstrike,14-04-2020 21:43:19,NoLiving
2340671,raybet-hidden,1.75,Winstrike,14-04-2020 21:43:19,NoLiving
2340671,dongying-hidden,1.73,Winstrike,14-04-2020 21:43:19,NoLiving
2340671,betwinner,1.72,Winstrike,14-04-2020 21:43:19,NoLiving
2340671,yabo-hidden,1.71,Winstrike,14-04-2020 21:43:19,NoLiving
2340671,shark-hidden,,Winstrike,14-04-2020 21:43:19,NoLiving
2340671,rb88-hidden,1.72,Winstrike,14-04-2020 21:43:19,NoLiving
2340671,bobbet-hidden,1.71,Winstrike,14-04-2020 21:43:19,NoLiving
2340671,luckbox,1.68,Winstrike,14-04-2020 21:43:19,NoLiving
2340671,betway,2.05,SKADE,14-04-2020 21:43:19,NoLiving
2340671,ggbet,2.08,SKADE,14-04-2020 21:43:19,NoLiving
2340671,ggbetru-hidden,2.08,SKADE,14-04-2020 21:43:19,NoLiving
2340671,thunderpick,,SKADE,14-04-2020 21:43:19,NoLiving
2340671,lootbet,2.08,SKADE,14-04-2020 21:43:19,NoLiving
2340671,bet365,2.1,SKADE,14-04-2020 21:43:19,NoLiving
2340671,1xbet,2.07,SKADE,14-04-2020 21:43:19,NoLiving
2340671,1xstavka-hidden,2.07,SKADE,14-04-2020 21:43:19,NoLiving
2340671,pinnacle,2.08,SKADE,14-04-2020 21:43:19,NoLiving
2340671,buff88,1.91,SKADE,14-04-2020 21:43:19,NoLiving
2340671,unibet,2.15,SKADE,14-04-2020 21:43:19,NoLiving
2340671,thunderfire-hidden,2.03,SKADE,14-04-2020 21:43:19,NoLiving
2340671,parimatch,2.08,SKADE,14-04-2020 21:43:19,NoLiving
2340671,skrilla-hidden,2.03,SKADE,14-04-2020 21:43:19,NoLiving
2340671,unikrn,2.1,SKADE,14-04-2020 21:43:19,NoLiving
2340671,vulkan,2.08,SKADE,14-04-2020 21:43:19,NoLiving
2340671,vulkanru-hidden,2.08,SKADE,14-04-2020 21:43:19,NoLiving
2340671,raybet-hidden,2.03,SKADE,14-04-2020 21:43:19,NoLiving
2340671,dongying-hidden,2.03,SKADE,14-04-2020 21:43:19,NoLiving
2340671,betwinner,2.07,SKADE,14-04-2020 21:43:19,NoLiving
2340671,yabo-hidden,2.08,SKADE,14-04-2020 21:43:19,NoLiving
2340671,shark-hidden,,SKADE,14-04-2020 21:43:19,NoLiving
2340671,rb88-hidden,2.07,SKADE,14-04-2020 21:43:19,NoLiving
2340671,bobbet-hidden,2.08,SKADE,14-04-2020 21:43:19,NoLiving
2340671,luckbox,2.07,SKADE,14-04-2020 21:43:19,NoLiving
2340678,betway,1.65,Espada,14-04-2020 21:43:19,NoLiving
2340678,ggbet,1.68,Espada,14-04-2020 21:43:19,NoLiving
2340678,ggbetru-hidden,1.68,Espada,14-04-2020 21:43:19,NoLiving
2340678,thunderpick,,Espada,14-04-2020 21:43:19,NoLiving
2340678,lootbet,1.7,Espada,14-04-2020 21:43:19,NoLiving
2340678,bet365,,Espada,14-04-2020 21:43:19,NoLiving
2340678,1xbet,1.7,Espada,14-04-2020 21:43:19,NoLiving
2340678,1xstavka-hidden,1.7,Espada,14-04-2020 21:43:19,NoLiving
2340678,pinnacle,,Espada,14-04-2020 21:43:19,NoLiving
2340678,buff88,1.75,Espada,14-04-2020 21:43:19,NoLiving
2340678,unibet,,Espada,14-04-2020 21:43:19,NoLiving
2340678,thunderfire-hidden,1.68,Espada,14-04-2020 21:43:19,NoLiving
2340678,parimatch,1.7,Espada,14-04-2020 21:43:19,NoLiving
2340678,skrilla-hidden,1.64,Espada,14-04-2020 21:43:19,NoLiving
2340678,unikrn,,Espada,14-04-2020 21:43:19,NoLiving
2340678,vulkan,1.68,Espada,14-04-2020 21:43:19,NoLiving
2340678,vulkanru-hidden,1.68,Espada,14-04-2020 21:43:19,NoLiving
2340678,raybet-hidden,,Espada,14-04-2020 21:43:19,NoLiving
2340678,dongying-hidden,1.68,Espada,14-04-2020 21:43:19,NoLiving
2340678,betwinner,1.7,Espada,14-04-2020 21:43:19,NoLiving
2340678,yabo-hidden,1.68,Espada,14-04-2020 21:43:19,NoLiving
2340678,shark-hidden,,Espada,14-04-2020 21:43:19,NoLiving
2340678,rb88-hidden,1.7,Espada,14-04-2020 21:43:19,NoLiving
2340678,bobbet-hidden,1.68,Espada,14-04-2020 21:43:19,NoLiving
2340678,luckbox,1.66,Espada,14-04-2020 21:43:19,NoLiving
2340678,betway,2.1,SMASH,14-04-2020 21:43:19,NoLiving
2340678,ggbet,2.13,SMASH,14-04-2020 21:43:19,NoLiving
2340678,ggbetru-hidden,2.13,SMASH,14-04-2020 21:43:19,NoLiving
2340678,thunderpick,,SMASH,14-04-2020 21:43:19,NoLiving
2340678,lootbet,2.08,SMASH,14-04-2020 21:43:19,NoLiving
2340678,bet365,,SMASH,14-04-2020 21:43:19,NoLiving
2340678,1xbet,2.11,SMASH,14-04-2020 21:43:19,NoLiving
2340678,1xstavka-hidden,2.11,SMASH,14-04-2020 21:43:19,NoLiving
2340678,pinnacle,,SMASH,14-04-2020 21:43:19,NoLiving
2340678,buff88,1.98,SMASH,14-04-2020 21:43:19,NoLiving
2340678,unibet,,SMASH,14-04-2020 21:43:19,NoLiving
2340678,thunderfire-hidden,2.13,SMASH,14-04-2020 21:43:19,NoLiving
2340678,parimatch,2.08,SMASH,14-04-2020 21:43:19,NoLiving
2340678,skrilla-hidden,2.04,SMASH,14-04-2020 21:43:19,NoLiving
2340678,unikrn,,SMASH,14-04-2020 21:43:19,NoLiving
2340678,vulkan,2.13,SMASH,14-04-2020 21:43:19,NoLiving
2340678,vulkanru-hidden,2.13,SMASH,14-04-2020 21:43:19,NoLiving
2340678,raybet-hidden,,SMASH,14-04-2020 21:43:19,NoLiving
2340678,dongying-hidden,2.13,SMASH,14-04-2020 21:43:19,NoLiving
2340678,betwinner,2.11,SMASH,14-04-2020 21:43:19,NoLiving
2340678,yabo-hidden,2.13,SMASH,14-04-2020 21:43:19,NoLiving
2340678,shark-hidden,,SMASH,14-04-2020 21:43:19,NoLiving
2340678,rb88-hidden,2.11,SMASH,14-04-2020 21:43:19,NoLiving
2340678,bobbet-hidden,2.13,SMASH,14-04-2020 21:43:19,NoLiving
2340678,luckbox,2.09,SMASH,14-04-2020 21:43:19,NoLiving
2340776,betway,1.22,FATE,14-04-2020 21:43:19,NoLiving
2340776,ggbet,1.48,FATE,14-04-2020 21:43:19,NoLiving
2340776,ggbetru-hidden,1.48,FATE,14-04-2020 21:43:19,NoLiving
2340776,thunderpick,1.25,FATE,14-04-2020 21:43:19,NoLiving
2340776,lootbet,,FATE,14-04-2020 21:43:19,NoLiving
2340776,bet365,,FATE,14-04-2020 21:43:19,NoLiving
2340776,1xbet,1.74,FATE,14-04-2020 21:43:19,NoLiving
2340776,1xstavka-hidden,1.74,FATE,14-04-2020 21:43:19,NoLiving
2340776,pinnacle,1.95,FATE,14-04-2020 21:43:19,NoLiving
2340776,buff88,1.17,FATE,14-04-2020 21:43:19,NoLiving
2340776,unibet,,FATE,14-04-2020 21:43:19,NoLiving
2340776,thunderfire-hidden,,FATE,14-04-2020 21:43:19,NoLiving
2340776,parimatch,1.18,FATE,14-04-2020 21:43:19,NoLiving
2340776,skrilla-hidden,,FATE,14-04-2020 21:43:19,NoLiving
2340776,unikrn,,FATE,14-04-2020 21:43:19,NoLiving
2340776,vulkan,1.38,FATE,14-04-2020 21:43:19,NoLiving
2340776,vulkanru-hidden,1.38,FATE,14-04-2020 21:43:19,NoLiving
2340776,raybet-hidden,,FATE,14-04-2020 21:43:19,NoLiving
2340776,dongying-hidden,,FATE,14-04-2020 21:43:19,NoLiving
2340776,betwinner,1.2,FATE,14-04-2020 21:43:19,NoLiving
2340776,yabo-hidden,1.48,FATE,14-04-2020 21:43:19,NoLiving
2340776,shark-hidden,,FATE,14-04-2020 21:43:19,NoLiving
2340776,rb88-hidden,1.74,FATE,14-04-2020 21:43:19,NoLiving
2340776,bobbet-hidden,1.48,FATE,14-04-2020 21:43:19,NoLiving
2340776,luckbox,,FATE,14-04-2020 21:43:19,NoLiving
2340776,betway,3.5,Prima,14-04-2020 21:43:19,NoLiving
2340776,ggbet,2.54,Prima,14-04-2020 21:43:19,NoLiving
2340776,ggbetru-hidden,2.54,Prima,14-04-2020 21:43:19,NoLiving
2340776,thunderpick,3.64,Prima,14-04-2020 21:43:19,NoLiving
2340776,lootbet,,Prima,14-04-2020 21:43:19,NoLiving
2340776,bet365,,Prima,14-04-2020 21:43:19,NoLiving
2340776,1xbet,2.09,Prima,14-04-2020 21:43:19,NoLiving
2340776,1xstavka-hidden,2.09,Prima,14-04-2020 21:43:19,NoLiving
2340776,pinnacle,1.86,Prima,14-04-2020 21:43:19,NoLiving
2340776,buff88,4.47,Prima,14-04-2020 21:43:19,NoLiving
2340776,unibet,,Prima,14-04-2020 21:43:19,NoLiving
2340776,thunderfire-hidden,,Prima,14-04-2020 21:43:19,NoLiving
2340776,parimatch,4.5,Prima,14-04-2020 21:43:19,NoLiving
2340776,skrilla-hidden,,Prima,14-04-2020 21:43:19,NoLiving
2340776,unikrn,,Prima,14-04-2020 21:43:19,NoLiving
2340776,vulkan,2.9,Prima,14-04-2020 21:43:19,NoLiving
2340776,vulkanru-hidden,2.9,Prima,14-04-2020 21:43:19,NoLiving
2340776,raybet-hidden,,Prima,14-04-2020 21:43:19,NoLiving
2340776,dongying-hidden,,Prima,14-04-2020 21:43:19,NoLiving
2340776,betwinner,4.59,Prima,14-04-2020 21:43:19,NoLiving
2340776,yabo-hidden,2.54,Prima,14-04-2020 21:43:19,NoLiving
2340776,shark-hidden,,Prima,14-04-2020 21:43:19,NoLiving
2340776,rb88-hidden,2.09,Prima,14-04-2020 21:43:19,NoLiving
2340776,bobbet-hidden,2.54,Prima,14-04-2020 21:43:19,NoLiving
2340776,luckbox,,Prima,14-04-2020 21:43:19,NoLiving
2340777,betway,1.95,Salamander,14-04-2020 21:43:19,NoLiving
2340777,ggbet,1.74,Salamander,14-04-2020 21:43:19,NoLiving
2340777,ggbetru-hidden,1.74,Salamander,14-04-2020 21:43:19,NoLiving
2340777,thunderpick,2.0,Salamander,14-04-2020 21:43:19,NoLiving
2340777,lootbet,2.01,Salamander,14-04-2020 21:43:19,NoLiving
2340777,bet365,,Salamander,14-04-2020 21:43:19,NoLiving
2340777,1xbet,2.29,Salamander,14-04-2020 21:43:19,NoLiving
2340777,1xstavka-hidden,2.29,Salamander,14-04-2020 21:43:19,NoLiving
2340777,pinnacle,1.83,Salamander,14-04-2020 21:43:19,NoLiving
2340777,buff88,2.04,Salamander,14-04-2020 21:43:19,NoLiving
2340777,unibet,,Salamander,14-04-2020 21:43:19,NoLiving
2340777,thunderfire-hidden,1.8,Salamander,14-04-2020 21:43:19,NoLiving
2340777,parimatch,2.0,Salamander,14-04-2020 21:43:19,NoLiving
2340777,skrilla-hidden,,Salamander,14-04-2020 21:43:19,NoLiving
2340777,unikrn,,Salamander,14-04-2020 21:43:19,NoLiving
2340777,vulkan,1.78,Salamander,14-04-2020 21:43:19,NoLiving
2340777,vulkanru-hidden,1.78,Salamander,14-04-2020 21:43:19,NoLiving
2340777,raybet-hidden,,Salamander,14-04-2020 21:43:19,NoLiving
2340777,dongying-hidden,1.8,Salamander,14-04-2020 21:43:19,NoLiving
2340777,betwinner,2.08,Salamander,14-04-2020 21:43:19,NoLiving
2340777,yabo-hidden,1.74,Salamander,14-04-2020 21:43:19,NoLiving
2340777,shark-hidden,,Salamander,14-04-2020 21:43:19,NoLiving
2340777,rb88-hidden,2.29,Salamander,14-04-2020 21:43:19,NoLiving
2340777,bobbet-hidden,1.74,Salamander,14-04-2020 21:43:19,NoLiving
2340777,luckbox,1.9,Salamander,14-04-2020 21:43:19,NoLiving
2340777,betway,1.72,Apeks,14-04-2020 21:43:19,NoLiving
2340777,ggbet,2.02,Apeks,14-04-2020 21:43:19,NoLiving
2340777,ggbetru-hidden,2.02,Apeks,14-04-2020 21:43:19,NoLiving
2340777,thunderpick,1.73,Apeks,14-04-2020 21:43:19,NoLiving
2340777,lootbet,1.75,Apeks,14-04-2020 21:43:19,NoLiving
2340777,bet365,,Apeks,14-04-2020 21:43:19,NoLiving
2340777,1xbet,1.63,Apeks,14-04-2020 21:43:19,NoLiving
2340777,1xstavka-hidden,1.63,Apeks,14-04-2020 21:43:19,NoLiving
2340777,pinnacle,1.99,Apeks,14-04-2020 21:43:19,NoLiving
2340777,buff88,1.71,Apeks,14-04-2020 21:43:19,NoLiving
2340777,unibet,,Apeks,14-04-2020 21:43:19,NoLiving
2340777,thunderfire-hidden,1.96,Apeks,14-04-2020 21:43:19,NoLiving
2340777,parimatch,1.76,Apeks,14-04-2020 21:43:19,NoLiving
2340777,skrilla-hidden,,Apeks,14-04-2020 21:43:19,NoLiving
2340777,unikrn,,Apeks,14-04-2020 21:43:19,NoLiving
2340777,vulkan,1.97,Apeks,14-04-2020 21:43:19,NoLiving
2340777,vulkanru-hidden,1.97,Apeks,14-04-2020 21:43:19,NoLiving
2340777,raybet-hidden,,Apeks,14-04-2020 21:43:19,NoLiving
2340777,dongying-hidden,1.96,Apeks,14-04-2020 21:43:19,NoLiving
2340777,betwinner,1.75,Apeks,14-04-2020 21:43:19,NoLiving
2340777,yabo-hidden,2.02,Apeks,14-04-2020 21:43:19,NoLiving
2340777,shark-hidden,,Apeks,14-04-2020 21:43:19,NoLiving
2340777,rb88-hidden,1.63,Apeks,14-04-2020 21:43:19,NoLiving
2340777,bobbet-hidden,2.02,Apeks,14-04-2020 21:43:19,NoLiving
2340777,luckbox,1.8,Apeks,14-04-2020 21:43:19,NoLiving
2340775,betway,5.75,Syman,14-04-2020 21:43:19,NoLiving
2340775,ggbet,7.9,Syman,14-04-2020 21:43:19,NoLiving
2340775,ggbetru-hidden,7.9,Syman,14-04-2020 21:43:19,NoLiving
2340775,thunderpick,,Syman,14-04-2020 21:43:19,NoLiving
2340775,lootbet,6.9,Syman,14-04-2020 21:43:19,NoLiving
2340775,bet365,3.0,Syman,14-04-2020 21:43:19,NoLiving
2340775,1xbet,3.68,Syman,14-04-2020 21:43:19,NoLiving
2340775,1xstavka-hidden,3.68,Syman,14-04-2020 21:43:19,NoLiving
2340775,pinnacle,,Syman,14-04-2020 21:43:19,NoLiving
2340775,buff88,7.94,Syman,14-04-2020 21:43:19,NoLiving
2340775,unibet,,Syman,14-04-2020 21:43:19,NoLiving
2340775,thunderfire-hidden,3.56,Syman,14-04-2020 21:43:19,NoLiving
2340775,parimatch,8.5,Syman,14-04-2020 21:43:19,NoLiving
2340775,skrilla-hidden,3.35,Syman,14-04-2020 21:43:19,NoLiving
2340775,unikrn,7.0,Syman,14-04-2020 21:43:19,NoLiving
2340775,vulkan,7.9,Syman,14-04-2020 21:43:19,NoLiving
2340775,vulkanru-hidden,7.9,Syman,14-04-2020 21:43:19,NoLiving
2340775,raybet-hidden,,Syman,14-04-2020 21:43:19,NoLiving
2340775,dongying-hidden,3.56,Syman,14-04-2020 21:43:19,NoLiving
2340775,betwinner,8.73,Syman,14-04-2020 21:43:19,NoLiving
2340775,yabo-hidden,7.9,Syman,14-04-2020 21:43:19,NoLiving
2340775,shark-hidden,,Syman,14-04-2020 21:43:19,NoLiving
2340775,rb88-hidden,3.68,Syman,14-04-2020 21:43:19,NoLiving
2340775,bobbet-hidden,7.9,Syman,14-04-2020 21:43:19,NoLiving
2340775,luckbox,7.0,Syman,14-04-2020 21:43:19,NoLiving
2340775,betway,1.08,Spirit,14-04-2020 21:43:19,NoLiving
2340775,ggbet,1.06,Spirit,14-04-2020 21:43:19,NoLiving
2340775,ggbetru-hidden,1.06,Spirit,14-04-2020 21:43:19,NoLiving
2340775,thunderpick,,Spirit,14-04-2020 21:43:19,NoLiving
2340775,lootbet,1.07,Spirit,14-04-2020 21:43:19,NoLiving
2340775,bet365,1.36,Spirit,14-04-2020 21:43:19,NoLiving
2340775,1xbet,1.28,Spirit,14-04-2020 21:43:19,NoLiving
2340775,1xstavka-hidden,1.28,Spirit,14-04-2020 21:43:19,NoLiving
2340775,pinnacle,,Spirit,14-04-2020 21:43:19,NoLiving
2340775,buff88,1.06,Spirit,14-04-2020 21:43:19,NoLiving
2340775,unibet,,Spirit,14-04-2020 21:43:19,NoLiving
2340775,thunderfire-hidden,1.27,Spirit,14-04-2020 21:43:19,NoLiving
2340775,parimatch,1.05,Spirit,14-04-2020 21:43:19,NoLiving
2340775,skrilla-hidden,1.3,Spirit,14-04-2020 21:43:19,NoLiving
2340775,unikrn,1.1,Spirit,14-04-2020 21:43:19,NoLiving
2340775,vulkan,1.06,Spirit,14-04-2020 21:43:19,NoLiving
2340775,vulkanru-hidden,1.06,Spirit,14-04-2020 21:43:19,NoLiving
2340775,raybet-hidden,,Spirit,14-04-2020 21:43:19,NoLiving
2340775,dongying-hidden,1.27,Spirit,14-04-2020 21:43:19,NoLiving
2340775,betwinner,1.07,Spirit,14-04-2020 21:43:19,NoLiving
2340775,yabo-hidden,1.06,Spirit,14-04-2020 21:43:19,NoLiving
2340775,shark-hidden,,Spirit,14-04-2020 21:43:19,NoLiving
2340775,rb88-hidden,1.28,Spirit,14-04-2020 21:43:19,NoLiving
2340775,bobbet-hidden,1.06,Spirit,14-04-2020 21:43:19,NoLiving
2340775,luckbox,1.05,Spirit,14-04-2020 21:43:19,NoLiving
2340749,betway,2.3,Sprout,14-04-2020 21:43:19,NoLiving
2340749,ggbet,2.14,Sprout,14-04-2020 21:43:19,NoLiving
2340749,ggbetru-hidden,2.14,Sprout,14-04-2020 21:43:19,NoLiving
2340749,thunderpick,2.22,Sprout,14-04-2020 21:43:19,NoLiving
2340749,lootbet,2.27,Sprout,14-04-2020 21:43:19,NoLiving
2340749,bet365,2.25,Sprout,14-04-2020 21:43:19,NoLiving
2340749,1xbet,,Sprout,14-04-2020 21:43:19,NoLiving
2340749,1xstavka-hidden,,Sprout,14-04-2020 21:43:19,NoLiving
2340749,pinnacle,2.19,Sprout,14-04-2020 21:43:19,NoLiving
2340749,buff88,2.33,Sprout,14-04-2020 21:43:19,NoLiving
2340749,unibet,2.2,Sprout,14-04-2020 21:43:19,NoLiving
2340749,thunderfire-hidden,2.28,Sprout,14-04-2020 21:43:19,NoLiving
2340749,parimatch,2.25,Sprout,14-04-2020 21:43:19,NoLiving
2340749,skrilla-hidden,2.31,Sprout,14-04-2020 21:43:19,NoLiving
2340749,unikrn,2.25,Sprout,14-04-2020 21:43:19,NoLiving
2340749,vulkan,,Sprout,14-04-2020 21:43:19,NoLiving
2340749,vulkanru-hidden,,Sprout,14-04-2020 21:43:19,NoLiving
2340749,raybet-hidden,2.25,Sprout,14-04-2020 21:43:19,NoLiving
2340749,dongying-hidden,2.28,Sprout,14-04-2020 21:43:19,NoLiving
2340749,betwinner,,Sprout,14-04-2020 21:43:19,NoLiving
2340749,yabo-hidden,2.14,Sprout,14-04-2020 21:43:19,NoLiving
2340749,shark-hidden,,Sprout,14-04-2020 21:43:19,NoLiving
2340749,rb88-hidden,,Sprout,14-04-2020 21:43:19,NoLiving
2340749,bobbet-hidden,2.14,Sprout,14-04-2020 21:43:19,NoLiving
2340749,luckbox,2.25,Sprout,14-04-2020 21:43:19,NoLiving
2340749,betway,1.55,forZe,14-04-2020 21:43:19,NoLiving
2340749,ggbet,1.66,forZe,14-04-2020 21:43:19,NoLiving
2340749,ggbetru-hidden,1.66,forZe,14-04-2020 21:43:19,NoLiving
2340749,thunderpick,1.57,forZe,14-04-2020 21:43:19,NoLiving
2340749,lootbet,1.59,forZe,14-04-2020 21:43:19,NoLiving
2340749,bet365,1.57,forZe,14-04-2020 21:43:19,NoLiving
2340749,1xbet,,forZe,14-04-2020 21:43:19,NoLiving
2340749,1xstavka-hidden,,forZe,14-04-2020 21:43:19,NoLiving
2340749,pinnacle,1.69,forZe,14-04-2020 21:43:19,NoLiving
2340749,buff88,1.58,forZe,14-04-2020 21:43:19,NoLiving
2340749,unibet,1.61,forZe,14-04-2020 21:43:19,NoLiving
2340749,thunderfire-hidden,1.58,forZe,14-04-2020 21:43:19,NoLiving
2340749,parimatch,1.6,forZe,14-04-2020 21:43:19,NoLiving
2340749,skrilla-hidden,1.57,forZe,14-04-2020 21:43:19,NoLiving
2340749,unikrn,1.57,forZe,14-04-2020 21:43:19,NoLiving
2340749,vulkan,,forZe,14-04-2020 21:43:19,NoLiving
2340749,vulkanru-hidden,,forZe,14-04-2020 21:43:19,NoLiving
2340749,raybet-hidden,1.6,forZe,14-04-2020 21:43:19,NoLiving
2340749,dongying-hidden,1.58,forZe,14-04-2020 21:43:19,NoLiving
2340749,betwinner,,forZe,14-04-2020 21:43:19,NoLiving
2340749,yabo-hidden,1.66,forZe,14-04-2020 21:43:19,NoLiving
2340749,shark-hidden,,forZe,14-04-2020 21:43:19,NoLiving
2340749,rb88-hidden,,forZe,14-04-2020 21:43:19,NoLiving
2340749,bobbet-hidden,1.66,forZe,14-04-2020 21:43:19,NoLiving
2340749,luckbox,1.58,forZe,14-04-2020 21:43:19,NoLiving
2340750,betway,1.65,Japaleno,14-04-2020 21:43:19,NoLiving
2340750,ggbet,1.75,Japaleno,14-04-2020 21:43:19,NoLiving
2340750,ggbetru-hidden,1.75,Japaleno,14-04-2020 21:43:19,NoLiving
2340750,thunderpick,1.73,Japaleno,14-04-2020 21:43:19,NoLiving
2340750,lootbet,1.75,Japaleno,14-04-2020 21:43:19,NoLiving
2340750,bet365,1.8,Japaleno,14-04-2020 21:43:19,NoLiving
2340750,1xbet,,Japaleno,14-04-2020 21:43:19,NoLiving
2340750,1xstavka-hidden,,Japaleno,14-04-2020 21:43:19,NoLiving
2340750,pinnacle,1.78,Japaleno,14-04-2020 21:43:19,NoLiving
2340750,buff88,1.76,Japaleno,14-04-2020 21:43:19,NoLiving
2340750,unibet,1.74,Japaleno,14-04-2020 21:43:19,NoLiving
2340750,thunderfire-hidden,1.83,Japaleno,14-04-2020 21:43:19,NoLiving
2340750,parimatch,1.75,Japaleno,14-04-2020 21:43:19,NoLiving
2340750,skrilla-hidden,1.76,Japaleno,14-04-2020 21:43:19,NoLiving
2340750,unikrn,1.72,Japaleno,14-04-2020 21:43:19,NoLiving
2340750,vulkan,8.5,Japaleno,14-04-2020 21:43:19,NoLiving
2340750,vulkanru-hidden,8.5,Japaleno,14-04-2020 21:43:19,NoLiving
2340750,raybet-hidden,1.82,Japaleno,14-04-2020 21:43:19,NoLiving
2340750,dongying-hidden,1.83,Japaleno,14-04-2020 21:43:19,NoLiving
2340750,betwinner,9.55,Japaleno,14-04-2020 21:43:19,NoLiving
2340750,yabo-hidden,1.75,Japaleno,14-04-2020 21:43:19,NoLiving
2340750,shark-hidden,,Japaleno,14-04-2020 21:43:19,NoLiving
2340750,rb88-hidden,,Japaleno,14-04-2020 21:43:19,NoLiving
2340750,bobbet-hidden,1.75,Japaleno,14-04-2020 21:43:19,NoLiving
2340750,luckbox,1.74,Japaleno,14-04-2020 21:43:19,NoLiving
2340750,betway,2.1,Nordavind,14-04-2020 21:43:19,NoLiving
2340750,ggbet,2.01,Nordavind,14-04-2020 21:43:19,NoLiving
2340750,ggbetru-hidden,2.01,Nordavind,14-04-2020 21:43:19,NoLiving
2340750,thunderpick,2.0,Nordavind,14-04-2020 21:43:19,NoLiving
2340750,lootbet,2.01,Nordavind,14-04-2020 21:43:19,NoLiving
2340750,bet365,1.9,Nordavind,14-04-2020 21:43:19,NoLiving
2340750,1xbet,,Nordavind,14-04-2020 21:43:19,NoLiving
2340750,1xstavka-hidden,,Nordavind,14-04-2020 21:43:19,NoLiving
2340750,pinnacle,2.05,Nordavind,14-04-2020 21:43:19,NoLiving
2340750,buff88,2.03,Nordavind,14-04-2020 21:43:19,NoLiving
2340750,unibet,2.0,Nordavind,14-04-2020 21:43:19,NoLiving
2340750,thunderfire-hidden,1.93,Nordavind,14-04-2020 21:43:19,NoLiving
2340750,parimatch,2.01,Nordavind,14-04-2020 21:43:19,NoLiving
2340750,skrilla-hidden,2.0,Nordavind,14-04-2020 21:43:19,NoLiving
2340750,unikrn,2.0,Nordavind,14-04-2020 21:43:19,NoLiving
2340750,vulkan,1.05,Nordavind,14-04-2020 21:43:19,NoLiving
2340750,vulkanru-hidden,1.05,Nordavind,14-04-2020 21:43:19,NoLiving
2340750,raybet-hidden,1.92,Nordavind,14-04-2020 21:43:19,NoLiving
2340750,dongying-hidden,1.93,Nordavind,14-04-2020 21:43:19,NoLiving
2340750,betwinner,1.05,Nordavind,14-04-2020 21:43:19,NoLiving
2340750,yabo-hidden,2.01,Nordavind,14-04-2020 21:43:19,NoLiving
2340750,shark-hidden,,Nordavind,14-04-2020 21:43:19,NoLiving
2340750,rb88-hidden,,Nordavind,14-04-2020 21:43:19,NoLiving
2340750,bobbet-hidden,2.01,Nordavind,14-04-2020 21:43:19,NoLiving
2340750,luckbox,2.0,Nordavind,14-04-2020 21:43:19,NoLiving
2340751,betway,,AGO,14-04-2020 21:43:19,NoLiving
2340751,ggbet,1.62,AGO,14-04-2020 21:43:19,NoLiving
2340751,ggbetru-hidden,1.62,AGO,14-04-2020 21:43:19,NoLiving
2340751,thunderpick,,AGO,14-04-2020 21:43:19,NoLiving
2340751,lootbet,,AGO,14-04-2020 21:43:19,NoLiving
2340751,bet365,,AGO,14-04-2020 21:43:19,NoLiving
2340751,1xbet,,AGO,14-04-2020 21:43:19,NoLiving
2340751,1xstavka-hidden,,AGO,14-04-2020 21:43:19,NoLiving
2340751,pinnacle,,AGO,14-04-2020 21:43:19,NoLiving
2340751,buff88,1.57,AGO,14-04-2020 21:43:19,NoLiving
2340751,unibet,,AGO,14-04-2020 21:43:19,NoLiving
2340751,thunderfire-hidden,1.62,AGO,14-04-2020 21:43:19,NoLiving
2340751,parimatch,1.62,AGO,14-04-2020 21:43:19,NoLiving
2340751,skrilla-hidden,,AGO,14-04-2020 21:43:19,NoLiving
2340751,unikrn,,AGO,14-04-2020 21:43:19,NoLiving
2340751,vulkan,,AGO,14-04-2020 21:43:19,NoLiving
2340751,vulkanru-hidden,,AGO,14-04-2020 21:43:19,NoLiving
2340751,raybet-hidden,,AGO,14-04-2020 21:43:19,NoLiving
2340751,dongying-hidden,1.62,AGO,14-04-2020 21:43:19,NoLiving
2340751,betwinner,,AGO,14-04-2020 21:43:19,NoLiving
2340751,yabo-hidden,1.62,AGO,14-04-2020 21:43:19,NoLiving
2340751,shark-hidden,,AGO,14-04-2020 21:43:19,NoLiving
2340751,rb88-hidden,,AGO,14-04-2020 21:43:19,NoLiving
2340751,bobbet-hidden,1.62,AGO,14-04-2020 21:43:19,NoLiving
2340751,luckbox,,AGO,14-04-2020 21:43:19,NoLiving
2340751,betway,,SMASH,14-04-2020 21:43:19,NoLiving
2340751,ggbet,2.21,SMASH,14-04-2020 21:43:19,NoLiving
2340751,ggbetru-hidden,2.21,SMASH,14-04-2020 21:43:19,NoLiving
2340751,thunderpick,,SMASH,14-04-2020 21:43:19,NoLiving
2340751,lootbet,,SMASH,14-04-2020 21:43:19,NoLiving
2340751,bet365,,SMASH,14-04-2020 21:43:19,NoLiving
2340751,1xbet,,SMASH,14-04-2020 21:43:19,NoLiving
2340751,1xstavka-hidden,,SMASH,14-04-2020 21:43:19,NoLiving
2340751,pinnacle,,SMASH,14-04-2020 21:43:19,NoLiving
2340751,buff88,2.31,SMASH,14-04-2020 21:43:19,NoLiving
2340751,unibet,,SMASH,14-04-2020 21:43:19,NoLiving
2340751,thunderfire-hidden,2.21,SMASH,14-04-2020 21:43:19,NoLiving
2340751,parimatch,2.2,SMASH,14-04-2020 21:43:19,NoLiving
2340751,skrilla-hidden,,SMASH,14-04-2020 21:43:19,NoLiving
2340751,unikrn,,SMASH,14-04-2020 21:43:19,NoLiving
2340751,vulkan,,SMASH,14-04-2020 21:43:19,NoLiving
2340751,vulkanru-hidden,,SMASH,14-04-2020 21:43:19,NoLiving
2340751,raybet-hidden,,SMASH,14-04-2020 21:43:19,NoLiving
2340751,dongying-hidden,2.21,SMASH,14-04-2020 21:43:19,NoLiving
2340751,betwinner,,SMASH,14-04-2020 21:43:19,NoLiving
2340751,yabo-hidden,2.21,SMASH,14-04-2020 21:43:19,NoLiving
2340751,shark-hidden,,SMASH,14-04-2020 21:43:19,NoLiving
2340751,rb88-hidden,,SMASH,14-04-2020 21:43:19,NoLiving
2340751,bobbet-hidden,2.21,SMASH,14-04-2020 21:43:19,NoLiving
2340751,luckbox,,SMASH,14-04-2020 21:43:19,NoLiving
2340752,betway,,BIG,14-04-2020 21:43:19,NoLiving
2340752,ggbet,1.22,BIG,14-04-2020 21:43:19,NoLiving
2340752,ggbetru-hidden,1.22,BIG,14-04-2020 21:43:19,NoLiving
2340752,thunderpick,,BIG,14-04-2020 21:43:19,NoLiving
2340752,lootbet,,BIG,14-04-2020 21:43:19,NoLiving
2340752,bet365,,BIG,14-04-2020 21:43:19,NoLiving
2340752,1xbet,,BIG,14-04-2020 21:43:19,NoLiving
2340752,1xstavka-hidden,,BIG,14-04-2020 21:43:19,NoLiving
2340752,pinnacle,,BIG,14-04-2020 21:43:19,NoLiving
2340752,buff88,1.2,BIG,14-04-2020 21:43:19,NoLiving
2340752,unibet,,BIG,14-04-2020 21:43:19,NoLiving
2340752,thunderfire-hidden,1.22,BIG,14-04-2020 21:43:19,NoLiving
2340752,parimatch,1.22,BIG,14-04-2020 21:43:19,NoLiving
2340752,skrilla-hidden,1.22,BIG,14-04-2020 21:43:19,NoLiving
2340752,unikrn,,BIG,14-04-2020 21:43:19,NoLiving
2340752,vulkan,,BIG,14-04-2020 21:43:19,NoLiving
2340752,vulkanru-hidden,,BIG,14-04-2020 21:43:19,NoLiving
2340752,raybet-hidden,,BIG,14-04-2020 21:43:19,NoLiving
2340752,dongying-hidden,1.22,BIG,14-04-2020 21:43:19,NoLiving
2340752,betwinner,,BIG,14-04-2020 21:43:19,NoLiving
2340752,yabo-hidden,1.22,BIG,14-04-2020 21:43:19,NoLiving
2340752,shark-hidden,,BIG,14-04-2020 21:43:19,NoLiving
2340752,rb88-hidden,,BIG,14-04-2020 21:43:19,NoLiving
2340752,bobbet-hidden,1.22,BIG,14-04-2020 21:43:19,NoLiving
2340752,luckbox,,BIG,14-04-2020 21:43:19,NoLiving
2340752,betway,,Singularity,14-04-2020 21:43:19,NoLiving
2340752,ggbet,3.99,Singularity,14-04-2020 21:43:19,NoLiving
2340752,ggbetru-hidden,3.99,Singularity,14-04-2020 21:43:19,NoLiving
2340752,thunderpick,,Singularity,14-04-2020 21:43:19,NoLiving
2340752,lootbet,,Singularity,14-04-2020 21:43:19,NoLiving
2340752,bet365,,Singularity,14-04-2020 21:43:19,NoLiving
2340752,1xbet,,Singularity,14-04-2020 21:43:19,NoLiving
2340752,1xstavka-hidden,,Singularity,14-04-2020 21:43:19,NoLiving
2340752,pinnacle,,Singularity,14-04-2020 21:43:19,NoLiving
2340752,buff88,4.23,Singularity,14-04-2020 21:43:19,NoLiving
2340752,unibet,,Singularity,14-04-2020 21:43:19,NoLiving
2340752,thunderfire-hidden,3.94,Singularity,14-04-2020 21:43:19,NoLiving
2340752,parimatch,4.0,Singularity,14-04-2020 21:43:19,NoLiving
2340752,skrilla-hidden,3.85,Singularity,14-04-2020 21:43:19,NoLiving
2340752,unikrn,,Singularity,14-04-2020 21:43:19,NoLiving
2340752,vulkan,,Singularity,14-04-2020 21:43:19,NoLiving
2340752,vulkanru-hidden,,Singularity,14-04-2020 21:43:19,NoLiving
2340752,raybet-hidden,,Singularity,14-04-2020 21:43:19,NoLiving
2340752,dongying-hidden,3.94,Singularity,14-04-2020 21:43:19,NoLiving
2340752,betwinner,,Singularity,14-04-2020 21:43:19,NoLiving
2340752,yabo-hidden,3.99,Singularity,14-04-2020 21:43:19,NoLiving
2340752,shark-hidden,,Singularity,14-04-2020 21:43:19,NoLiving
2340752,rb88-hidden,,Singularity,14-04-2020 21:43:19,NoLiving
2340752,bobbet-hidden,3.99,Singularity,14-04-2020 21:43:19,NoLiving
2340752,luckbox,,Singularity,14-04-2020 21:43:19,NoLiving
2340731,betway,,Rooster,14-04-2020 21:43:19,NoLiving
2340731,ggbet,1.26,Rooster,14-04-2020 21:43:19,NoLiving
2340731,ggbetru-hidden,1.26,Rooster,14-04-2020 21:43:19,NoLiving
2340731,thunderpick,,Rooster,14-04-2020 21:43:19,NoLiving
2340731,lootbet,,Rooster,14-04-2020 21:43:19,NoLiving
2340731,bet365,,Rooster,14-04-2020 21:43:19,NoLiving
2340731,1xbet,1.27,Rooster,14-04-2020 21:43:19,NoLiving
2340731,1xstavka-hidden,1.27,Rooster,14-04-2020 21:43:19,NoLiving
2340731,pinnacle,,Rooster,14-04-2020 21:43:19,NoLiving
2340731,buff88,,Rooster,14-04-2020 21:43:19,NoLiving
2340731,unibet,,Rooster,14-04-2020 21:43:19,NoLiving
2340731,thunderfire-hidden,1.26,Rooster,14-04-2020 21:43:19,NoLiving
2340731,parimatch,1.25,Rooster,14-04-2020 21:43:19,NoLiving
2340731,skrilla-hidden,,Rooster,14-04-2020 21:43:19,NoLiving
2340731,unikrn,,Rooster,14-04-2020 21:43:19,NoLiving
2340731,vulkan,1.26,Rooster,14-04-2020 21:43:19,NoLiving
2340731,vulkanru-hidden,1.26,Rooster,14-04-2020 21:43:19,NoLiving
2340731,raybet-hidden,,Rooster,14-04-2020 21:43:19,NoLiving
2340731,dongying-hidden,1.26,Rooster,14-04-2020 21:43:19,NoLiving
2340731,betwinner,1.27,Rooster,14-04-2020 21:43:19,NoLiving
2340731,yabo-hidden,1.26,Rooster,14-04-2020 21:43:19,NoLiving
2340731,shark-hidden,,Rooster,14-04-2020 21:43:19,NoLiving
2340731,rb88-hidden,1.27,Rooster,14-04-2020 21:43:19,NoLiving
2340731,bobbet-hidden,1.26,Rooster,14-04-2020 21:43:19,NoLiving
2340731,luckbox,,Rooster,14-04-2020 21:43:19,NoLiving
2340731,betway,,VERTEX,14-04-2020 21:43:19,NoLiving
2340731,ggbet,3.69,VERTEX,14-04-2020 21:43:19,NoLiving
2340731,ggbetru-hidden,3.69,VERTEX,14-04-2020 21:43:19,NoLiving
2340731,thunderpick,,VERTEX,14-04-2020 21:43:19,NoLiving
2340731,lootbet,,VERTEX,14-04-2020 21:43:19,NoLiving
2340731,bet365,,VERTEX,14-04-2020 21:43:19,NoLiving
2340731,1xbet,3.64,VERTEX,14-04-2020 21:43:19,NoLiving
2340731,1xstavka-hidden,3.64,VERTEX,14-04-2020 21:43:19,NoLiving
2340731,pinnacle,,VERTEX,14-04-2020 21:43:19,NoLiving
2340731,buff88,,VERTEX,14-04-2020 21:43:19,NoLiving
2340731,unibet,,VERTEX,14-04-2020 21:43:19,NoLiving
2340731,thunderfire-hidden,3.63,VERTEX,14-04-2020 21:43:19,NoLiving
2340731,parimatch,3.75,VERTEX,14-04-2020 21:43:19,NoLiving
2340731,skrilla-hidden,,VERTEX,14-04-2020 21:43:19,NoLiving
2340731,unikrn,,VERTEX,14-04-2020 21:43:19,NoLiving
2340731,vulkan,3.69,VERTEX,14-04-2020 21:43:19,NoLiving
2340731,vulkanru-hidden,3.69,VERTEX,14-04-2020 21:43:19,NoLiving
2340731,raybet-hidden,,VERTEX,14-04-2020 21:43:19,NoLiving
2340731,dongying-hidden,3.63,VERTEX,14-04-2020 21:43:19,NoLiving
2340731,betwinner,3.64,VERTEX,14-04-2020 21:43:19,NoLiving
2340731,yabo-hidden,3.69,VERTEX,14-04-2020 21:43:19,NoLiving
2340731,shark-hidden,,VERTEX,14-04-2020 21:43:19,NoLiving
2340731,rb88-hidden,3.64,VERTEX,14-04-2020 21:43:19,NoLiving
2340731,bobbet-hidden,3.69,VERTEX,14-04-2020 21:43:19,NoLiving
2340731,luckbox,,VERTEX,14-04-2020 21:43:19,NoLiving
2339242,betway,2.25,RED Canids,14-04-2020 21:43:19,NoLiving
2339242,ggbet,1.41,RED Canids,14-04-2020 21:43:19,NoLiving
2339242,ggbetru-hidden,1.41,RED Canids,14-04-2020 21:43:19,NoLiving
2339242,thunderpick,2.38,RED Canids,14-04-2020 21:43:19,NoLiving
2339242,lootbet,2.3,RED Canids,14-04-2020 21:43:19,NoLiving
2339242,bet365,1.22,RED Canids,14-04-2020 21:43:19,NoLiving
2339242,1xbet,2.06,RED Canids,14-04-2020 21:43:19,NoLiving
2339242,1xstavka-hidden,2.06,RED Canids,14-04-2020 21:43:19,NoLiving
2339242,pinnacle,1.48,RED Canids,14-04-2020 21:43:19,NoLiving
2339242,buff88,1.0,RED Canids,14-04-2020 21:43:19,NoLiving
2339242,unibet,1.21,RED Canids,14-04-2020 21:43:19,NoLiving
2339242,thunderfire-hidden,2.01,RED Canids,14-04-2020 21:43:19,NoLiving
2339242,parimatch,2.25,RED Canids,14-04-2020 21:43:19,NoLiving
2339242,skrilla-hidden,2.1,RED Canids,14-04-2020 21:43:19,NoLiving
2339242,unikrn,2.37,RED Canids,14-04-2020 21:43:19,NoLiving
2339242,vulkan,,RED Canids,14-04-2020 21:43:19,NoLiving
2339242,vulkanru-hidden,,RED Canids,14-04-2020 21:43:19,NoLiving
2339242,raybet-hidden,2.02,RED Canids,14-04-2020 21:43:19,NoLiving
2339242,dongying-hidden,2.01,RED Canids,14-04-2020 21:43:19,NoLiving
2339242,betwinner,2.09,RED Canids,14-04-2020 21:43:19,NoLiving
2339242,yabo-hidden,1.41,RED Canids,14-04-2020 21:43:19,NoLiving
2339242,shark-hidden,,RED Canids,14-04-2020 21:43:19,NoLiving
2339242,rb88-hidden,2.06,RED Canids,14-04-2020 21:43:19,NoLiving
2339242,bobbet-hidden,1.41,RED Canids,14-04-2020 21:43:19,NoLiving
2339242,luckbox,1.27,RED Canids,14-04-2020 21:43:19,NoLiving
2339242,betway,5.4,W7M,14-04-2020 21:43:19,NoLiving
2339242,ggbet,2.77,W7M,14-04-2020 21:43:19,NoLiving
2339242,ggbetru-hidden,2.77,W7M,14-04-2020 21:43:19,NoLiving
2339242,thunderpick,5.8,W7M,14-04-2020 21:43:19,NoLiving
2339242,lootbet,5.5,W7M,14-04-2020 21:43:19,NoLiving
2339242,bet365,4.0,W7M,14-04-2020 21:43:19,NoLiving
2339242,1xbet,5.7,W7M,14-04-2020 21:43:19,NoLiving
2339242,1xstavka-hidden,5.7,W7M,14-04-2020 21:43:19,NoLiving
2339242,pinnacle,2.51,W7M,14-04-2020 21:43:19,NoLiving
2339242,buff88,13.56,W7M,14-04-2020 21:43:19,NoLiving
2339242,unibet,4.0,W7M,14-04-2020 21:43:19,NoLiving
2339242,thunderfire-hidden,1.75,W7M,14-04-2020 21:43:19,NoLiving
2339242,parimatch,5.0,W7M,14-04-2020 21:43:19,NoLiving
2339242,skrilla-hidden,1.72,W7M,14-04-2020 21:43:19,NoLiving
2339242,unikrn,5.5,W7M,14-04-2020 21:43:19,NoLiving
2339242,vulkan,,W7M,14-04-2020 21:43:19,NoLiving
2339242,vulkanru-hidden,,W7M,14-04-2020 21:43:19,NoLiving
2339242,raybet-hidden,1.76,W7M,14-04-2020 21:43:19,NoLiving
2339242,dongying-hidden,1.75,W7M,14-04-2020 21:43:19,NoLiving
2339242,betwinner,5.65,W7M,14-04-2020 21:43:19,NoLiving
2339242,yabo-hidden,2.77,W7M,14-04-2020 21:43:19,NoLiving
2339242,shark-hidden,,W7M,14-04-2020 21:43:19,NoLiving
2339242,rb88-hidden,5.7,W7M,14-04-2020 21:43:19,NoLiving
2339242,bobbet-hidden,2.77,W7M,14-04-2020 21:43:19,NoLiving
2339242,luckbox,3.4,W7M,14-04-2020 21:43:19,NoLiving
2339243,betway,6.0,Soberano,14-04-2020 21:43:19,NoLiving
2339243,ggbet,2.51,Soberano,14-04-2020 21:43:19,NoLiving
2339243,ggbetru-hidden,2.51,Soberano,14-04-2020 21:43:19,NoLiving
2339243,thunderpick,,Soberano,14-04-2020 21:43:19,NoLiving
2339243,lootbet,,Soberano,14-04-2020 21:43:19,NoLiving
2339243,bet365,3.4,Soberano,14-04-2020 21:43:19,NoLiving
2339243,1xbet,,Soberano,14-04-2020 21:43:19,NoLiving
2339243,1xstavka-hidden,,Soberano,14-04-2020 21:43:19,NoLiving
2339243,pinnacle,2.65,Soberano,14-04-2020 21:43:19,NoLiving
2339243,buff88,,Soberano,14-04-2020 21:43:19,NoLiving
2339243,unibet,3.3,Soberano,14-04-2020 21:43:19,NoLiving
2339243,thunderfire-hidden,,Soberano,14-04-2020 21:43:19,NoLiving
2339243,parimatch,5.8,Soberano,14-04-2020 21:43:19,NoLiving
2339243,skrilla-hidden,,Soberano,14-04-2020 21:43:19,NoLiving
2339243,unikrn,,Soberano,14-04-2020 21:43:19,NoLiving
2339243,vulkan,,Soberano,14-04-2020 21:43:19,NoLiving
2339243,vulkanru-hidden,,Soberano,14-04-2020 21:43:19,NoLiving
2339243,raybet-hidden,,Soberano,14-04-2020 21:43:19,NoLiving
2339243,dongying-hidden,,Soberano,14-04-2020 21:43:19,NoLiving
2339243,betwinner,,Soberano,14-04-2020 21:43:19,NoLiving
2339243,yabo-hidden,2.51,Soberano,14-04-2020 21:43:19,NoLiving
2339243,shark-hidden,,Soberano,14-04-2020 21:43:19,NoLiving
2339243,rb88-hidden,,Soberano,14-04-2020 21:43:19,NoLiving
2339243,bobbet-hidden,2.51,Soberano,14-04-2020 21:43:19,NoLiving
2339243,luckbox,,Soberano,14-04-2020 21:43:19,NoLiving
2339243,betway,2.1,Keyd,14-04-2020 21:43:19,NoLiving
2339243,ggbet,1.49,Keyd,14-04-2020 21:43:19,NoLiving
2339243,ggbetru-hidden,1.49,Keyd,14-04-2020 21:43:19,NoLiving
2339243,thunderpick,,Keyd,14-04-2020 21:43:19,NoLiving
2339243,lootbet,,Keyd,14-04-2020 21:43:19,NoLiving
2339243,bet365,1.3,Keyd,14-04-2020 21:43:19,NoLiving
2339243,1xbet,,Keyd,14-04-2020 21:43:19,NoLiving
2339243,1xstavka-hidden,,Keyd,14-04-2020 21:43:19,NoLiving
2339243,pinnacle,1.44,Keyd,14-04-2020 21:43:19,NoLiving
2339243,buff88,,Keyd,14-04-2020 21:43:19,NoLiving
2339243,unibet,1.29,Keyd,14-04-2020 21:43:19,NoLiving
2339243,thunderfire-hidden,,Keyd,14-04-2020 21:43:19,NoLiving
2339243,parimatch,2.08,Keyd,14-04-2020 21:43:19,NoLiving
2339243,skrilla-hidden,,Keyd,14-04-2020 21:43:19,NoLiving
2339243,unikrn,,Keyd,14-04-2020 21:43:19,NoLiving
2339243,vulkan,,Keyd,14-04-2020 21:43:19,NoLiving
2339243,vulkanru-hidden,,Keyd,14-04-2020 21:43:19,NoLiving
2339243,raybet-hidden,,Keyd,14-04-2020 21:43:19,NoLiving
2339243,dongying-hidden,,Keyd,14-04-2020 21:43:19,NoLiving
2339243,betwinner,,Keyd,14-04-2020 21:43:19,NoLiving
2339243,yabo-hidden,1.49,Keyd,14-04-2020 21:43:19,NoLiving
2339243,shark-hidden,,Keyd,14-04-2020 21:43:19,NoLiving
2339243,rb88-hidden,,Keyd,14-04-2020 21:43:19,NoLiving
2339243,bobbet-hidden,1.49,Keyd,14-04-2020 21:43:19,NoLiving
2339243,luckbox,,Keyd,14-04-2020 21:43:19,NoLiving
2340771,betway,,Invictus,14-04-2020 21:43:19,NoLiving
2340771,ggbet,1.75,Invictus,14-04-2020 21:43:19,NoLiving
2340771,ggbetru-hidden,1.75,Invictus,14-04-2020 21:43:19,NoLiving
2340771,thunderpick,2.0,Invictus,14-04-2020 21:43:19,NoLiving
2340771,lootbet,,Invictus,14-04-2020 21:43:19,NoLiving
2340771,bet365,,Invictus,14-04-2020 21:43:19,NoLiving
2340771,1xbet,,Invictus,14-04-2020 21:43:19,NoLiving
2340771,1xstavka-hidden,,Invictus,14-04-2020 21:43:19,NoLiving
2340771,pinnacle,,Invictus,14-04-2020 21:43:19,NoLiving
2340771,buff88,,Invictus,14-04-2020 21:43:19,NoLiving
2340771,unibet,,Invictus,14-04-2020 21:43:19,NoLiving
2340771,thunderfire-hidden,,Invictus,14-04-2020 21:43:19,NoLiving
2340771,parimatch,1.85,Invictus,14-04-2020 21:43:19,NoLiving
2340771,skrilla-hidden,,Invictus,14-04-2020 21:43:19,NoLiving
2340771,unikrn,,Invictus,14-04-2020 21:43:19,NoLiving
2340771,vulkan,1.75,Invictus,14-04-2020 21:43:19,NoLiving
2340771,vulkanru-hidden,1.75,Invictus,14-04-2020 21:43:19,NoLiving
2340771,raybet-hidden,,Invictus,14-04-2020 21:43:19,NoLiving
2340771,dongying-hidden,,Invictus,14-04-2020 21:43:19,NoLiving
2340771,betwinner,,Invictus,14-04-2020 21:43:19,NoLiving
2340771,yabo-hidden,1.75,Invictus,14-04-2020 21:43:19,NoLiving
2340771,shark-hidden,,Invictus,14-04-2020 21:43:19,NoLiving
2340771,rb88-hidden,,Invictus,14-04-2020 21:43:19,NoLiving
2340771,bobbet-hidden,1.75,Invictus,14-04-2020 21:43:19,NoLiving
2340771,luckbox,,Invictus,14-04-2020 21:43:19,NoLiving
2340771,betway,,BTRG,14-04-2020 21:43:19,NoLiving
2340771,ggbet,1.99,BTRG,14-04-2020 21:43:19,NoLiving
2340771,ggbetru-hidden,1.99,BTRG,14-04-2020 21:43:19,NoLiving
2340771,thunderpick,1.63,BTRG,14-04-2020 21:43:19,NoLiving
2340771,lootbet,,BTRG,14-04-2020 21:43:19,NoLiving
2340771,bet365,,BTRG,14-04-2020 21:43:19,NoLiving
2340771,1xbet,,BTRG,14-04-2020 21:43:19,NoLiving
2340771,1xstavka-hidden,,BTRG,14-04-2020 21:43:19,NoLiving
2340771,pinnacle,,BTRG,14-04-2020 21:43:19,NoLiving
2340771,buff88,,BTRG,14-04-2020 21:43:19,NoLiving
2340771,unibet,,BTRG,14-04-2020 21:43:19,NoLiving
2340771,thunderfire-hidden,,BTRG,14-04-2020 21:43:19,NoLiving
2340771,parimatch,1.9,BTRG,14-04-2020 21:43:19,NoLiving
2340771,skrilla-hidden,,BTRG,14-04-2020 21:43:19,NoLiving
2340771,unikrn,,BTRG,14-04-2020 21:43:19,NoLiving
2340771,vulkan,1.99,BTRG,14-04-2020 21:43:19,NoLiving
2340771,vulkanru-hidden,1.99,BTRG,14-04-2020 21:43:19,NoLiving
2340771,raybet-hidden,,BTRG,14-04-2020 21:43:19,NoLiving
2340771,dongying-hidden,,BTRG,14-04-2020 21:43:19,NoLiving
2340771,betwinner,,BTRG,14-04-2020 21:43:19,NoLiving
2340771,yabo-hidden,1.99,BTRG,14-04-2020 21:43:19,NoLiving
2340771,shark-hidden,,BTRG,14-04-2020 21:43:19,NoLiving
2340771,rb88-hidden,,BTRG,14-04-2020 21:43:19,NoLiving
2340771,bobbet-hidden,1.99,BTRG,14-04-2020 21:43:19,NoLiving
2340771,luckbox,,BTRG,14-04-2020 21:43:19,NoLiving
